source_platform,source_type,restaurant_name,city,raw_category,section,menu_name,price,source_url,search_keyword,extract_method,scraped_at
UltraVoucher,cinema_ticket,"Harga Tiket Bioskop XXI dan CGV Lengkap di Jakarta, Hari Biasa dan Weekend!",Jakarta,cinema,,KALIBATA XXI - Tersedia - Tidak Tersedia - Tidak Tersedia,40000,https://blog.ultravoucher.co.id/harga-tiket-bioskop/,harga tiket bioskop,html_table,2026-04-28 03:19:59
UltraVoucher,cinema_ticket,"Harga Tiket Bioskop XXI dan CGV Lengkap di Jakarta, Hari Biasa dan Weekend!",Jakarta,cinema,,KALIBATA XXI - Tersedia - Tidak Tersedia - Tidak Tersedia,35000,https://blog.ultravoucher.co.id/harga-tiket-bioskop/,harga tiket bioskop,html_table,2026-04-28 03:19:59
UltraVoucher,cinema_ticket,"Harga Tiket Bioskop XXI dan CGV Lengkap di Jakarta, Hari Biasa dan Weekend!",Jakarta,cinema,,KALIBATA XXI - Tersedia - Tidak Tersedia - Tidak Tersedia,50000,https://blog.ultravoucher.co.id/harga-tiket-bioskop/,harga tiket bioskop,html_table,2026-04-28 03:19:59
UltraVoucher,cinema_ticket,"Harga Tiket Bioskop XXI dan CGV Lengkap di Jakarta, Hari Biasa dan Weekend!",Jakarta,cinema,,KOTA KASABLANKA XXI - Tersedia - Tersedia - Tidak Tersedia,60000,https://blog.ultravoucher.co.id/harga-tiket-bioskop/,harga tiket bioskop,html_table,2026-04-28 03:19:59
UltraVoucher,cinema_ticket,"Harga Tiket Bioskop XXI dan CGV Lengkap di Jakarta, Hari Biasa dan Weekend!",Jakarta,cinema,,KOTA KASABLANKA XXI - Tersedia - Tersedia - Tidak Tersedia,50000,https://blog.ultravoucher.co.id/harga-tiket-bioskop/,harga tiket bioskop,html_table,2026-04-28 03:19:59
UltraVoucher,cinema_ticket,"Harga Tiket Bioskop XXI dan CGV Lengkap di Jakarta, Hari Biasa dan Weekend!",Jakarta,cinema,,KOTA KASABLANKA XXI - Tersedia - Tersedia - Tidak Tersedia,75000,https://blog.ultravoucher.co.id/harga-tiket-bioskop/,harga tiket bioskop,html_table,2026-04-28 03:19:59
UltraVoucher,cinema_ticket,"Harga Tiket Bioskop XXI dan CGV Lengkap di Jakarta, Hari Biasa dan Weekend!",Jakarta,cinema,,KOTA KASABLANKA XXI - Tersedia - Tersedia - Tidak Tersedia,200000,https://blog.ultravoucher.co.id/harga-tiket-bioskop/,harga tiket bioskop,html_table,2026-04-28 03:19:59
UltraVoucher,cinema_ticket,"Harga Tiket Bioskop XXI dan CGV Lengkap di Jakarta, Hari Biasa dan Weekend!",Jakarta,cinema,,KOTA KASABLANKA XXI - Tersedia - Tersedia - Tidak Tersedia,150000,https://blog.ultravoucher.co.id/harga-tiket-bioskop/,harga tiket bioskop,html_table,2026-04-28 03:19:59
UltraVoucher,cinema_ticket,"Harga Tiket Bioskop XXI dan CGV Lengkap di Jakarta, Hari Biasa dan Weekend!",Jakarta,cinema,,KOTA KASABLANKA XXI - Tersedia - Tersedia - Tidak Tersedia,250000,https://blog.ultravoucher.co.id/harga-tiket-bioskop/,harga tiket bioskop,html_table,2026-04-28 03:19:59
UltraVoucher,cinema_ticket,"Harga Tiket Bioskop XXI dan CGV Lengkap di Jakarta, Hari Biasa dan Weekend!",Jakarta,cinema,,KUNINGAN CITY XXI - Tersedia - Tidak Tersedia - Tidak Tersedia,40000,https://blog.ultravoucher.co.id/harga-tiket-bioskop/,harga tiket bioskop,html_table,2026-04-28 03:19:59
UltraVoucher,cinema_ticket,"Harga Tiket Bioskop XXI dan CGV Lengkap di Jakarta, Hari Biasa dan Weekend!",Jakarta,cinema,,KUNINGAN CITY XXI - Tersedia - Tidak Tersedia - Tidak Tersedia,35000,https://blog.ultravoucher.co.id/harga-tiket-bioskop/,harga tiket bioskop,html_table,2026-04-28 03:19:59
UltraVoucher,cinema_ticket,"Harga Tiket Bioskop XXI dan CGV Lengkap di Jakarta, Hari Biasa dan Weekend!",Jakarta,cinema,,KUNINGAN CITY XXI - Tersedia - Tidak Tersedia - Tidak Tersedia,45000,https://blog.ultravoucher.co.id/harga-tiket-bioskop/,harga tiket bioskop,html_table,2026-04-28 03:19:59
UltraVoucher,cinema_ticket,"Harga Tiket Bioskop XXI dan CGV Lengkap di Jakarta, Hari Biasa dan Weekend!",Jakarta,cinema,,LOTTE SHOPPING AVENUE XXI - Tersedia - Tersedia - Tidak Tersedia,50000,https://blog.ultravoucher.co.id/harga-tiket-bioskop/,harga tiket bioskop,html_table,2026-04-28 03:19:59
UltraVoucher,cinema_ticket,"Harga Tiket Bioskop XXI dan CGV Lengkap di Jakarta, Hari Biasa dan Weekend!",Jakarta,cinema,,LOTTE SHOPPING AVENUE XXI - Tersedia - Tersedia - Tidak Tersedia,40000,https://blog.ultravoucher.co.id/harga-tiket-bioskop/,harga tiket bioskop,html_table,2026-04-28 03:19:59
UltraVoucher,cinema_ticket,"Harga Tiket Bioskop XXI dan CGV Lengkap di Jakarta, Hari Biasa dan Weekend!",Jakarta,cinema,,LOTTE SHOPPING AVENUE XXI - Tersedia - Tersedia - Tidak Tersedia,60000,https://blog.ultravoucher.co.id/harga-tiket-bioskop/,harga tiket bioskop,html_table,2026-04-28 03:19:59
UltraVoucher,cinema_ticket,"Harga Tiket Bioskop XXI dan CGV Lengkap di Jakarta, Hari Biasa dan Weekend!",Jakarta,cinema,,LOTTE SHOPPING AVENUE XXI - Tersedia - Tersedia - Tidak Tersedia,150000,https://blog.ultravoucher.co.id/harga-tiket-bioskop/,harga tiket bioskop,html_table,2026-04-28 03:19:59
UltraVoucher,cinema_ticket,"Harga Tiket Bioskop XXI dan CGV Lengkap di Jakarta, Hari Biasa dan Weekend!",Jakarta,cinema,,LOTTE SHOPPING AVENUE XXI - Tersedia - Tersedia - Tidak Tersedia,100000,https://blog.ultravoucher.co.id/harga-tiket-bioskop/,harga tiket bioskop,html_table,2026-04-28 03:19:59
UltraVoucher,cinema_ticket,"Harga Tiket Bioskop XXI dan CGV Lengkap di Jakarta, Hari Biasa dan Weekend!",Jakarta,cinema,,LOTTE SHOPPING AVENUE XXI - Tersedia - Tersedia - Tidak Tersedia,200000,https://blog.ultravoucher.co.id/harga-tiket-bioskop/,harga tiket bioskop,html_table,2026-04-28 03:19:59
UltraVoucher,cinema_ticket,"Harga Tiket Bioskop XXI dan CGV Lengkap di Jakarta, Hari Biasa dan Weekend!",Jakarta,cinema,,HOLLYWOOD XXI - Tersedia - Tidak Tersedia - Tidak Tersedia,30000,https://blog.ultravoucher.co.id/harga-tiket-bioskop/,harga tiket bioskop,html_table,2026-04-28 03:19:59
UltraVoucher,cinema_ticket,"Harga Tiket Bioskop XXI dan CGV Lengkap di Jakarta, Hari Biasa dan Weekend!",Jakarta,cinema,,HOLLYWOOD XXI - Tersedia - Tidak Tersedia - Tidak Tersedia,25000,https://blog.ultravoucher.co.id/harga-tiket-bioskop/,harga tiket bioskop,html_table,2026-04-28 03:19:59
UltraVoucher,cinema_ticket,"Harga Tiket Bioskop XXI dan CGV Lengkap di Jakarta, Hari Biasa dan Weekend!",Jakarta,cinema,,HOLLYWOOD XXI - Tersedia - Tidak Tersedia - Tidak Tersedia,35000,https://blog.ultravoucher.co.id/harga-tiket-bioskop/,harga tiket bioskop,html_table,2026-04-28 03:19:59
UltraVoucher,cinema_ticket,"Harga Tiket Bioskop XXI dan CGV Lengkap di Jakarta, Hari Biasa dan Weekend!",Jakarta,cinema,,EPICENTRUM XXI - Tersedia - Tidak Tersedia - Tidak Tersedia,35000,https://blog.ultravoucher.co.id/harga-tiket-bioskop/,harga tiket bioskop,html_table,2026-04-28 03:19:59
UltraVoucher,cinema_ticket,"Harga Tiket Bioskop XXI dan CGV Lengkap di Jakarta, Hari Biasa dan Weekend!",Jakarta,cinema,,EPICENTRUM XXI - Tersedia - Tidak Tersedia - Tidak Tersedia,30000,https://blog.ultravoucher.co.id/harga-tiket-bioskop/,harga tiket bioskop,html_table,2026-04-28 03:19:59
UltraVoucher,cinema_ticket,"Harga Tiket Bioskop XXI dan CGV Lengkap di Jakarta, Hari Biasa dan Weekend!",Jakarta,cinema,,EPICENTRUM XXI - Tersedia - Tidak Tersedia - Tidak Tersedia,40000,https://blog.ultravoucher.co.id/harga-tiket-bioskop/,harga tiket bioskop,html_table,2026-04-28 03:19:59
UltraVoucher,cinema_ticket,"Harga Tiket Bioskop XXI dan CGV Lengkap di Jakarta, Hari Biasa dan Weekend!",Jakarta,cinema,,PGC XXI - Tersedia - Tidak Tersedia - Tidak Tersedia,40000,https://blog.ultravoucher.co.id/harga-tiket-bioskop/,harga tiket bioskop,html_table,2026-04-28 03:19:59
UltraVoucher,cinema_ticket,"Harga Tiket Bioskop XXI dan CGV Lengkap di Jakarta, Hari Biasa dan Weekend!",Jakarta,cinema,,PGC XXI - Tersedia - Tidak Tersedia - Tidak Tersedia,35000,https://blog.ultravoucher.co.id/harga-tiket-bioskop/,harga tiket bioskop,html_table,2026-04-28 03:19:59
UltraVoucher,cinema_ticket,"Harga Tiket Bioskop XXI dan CGV Lengkap di Jakarta, Hari Biasa dan Weekend!",Jakarta,cinema,,PGC XXI - Tersedia - Tidak Tersedia - Tidak Tersedia,45000,https://blog.ultravoucher.co.id/harga-tiket-bioskop/,harga tiket bioskop,html_table,2026-04-28 03:19:59
UltraVoucher,cinema_ticket,"Harga Tiket Bioskop XXI dan CGV Lengkap di Jakarta, Hari Biasa dan Weekend!",Jakarta,cinema,,KEMANG VILLAGE XXI - Tersedia - Tersedia - Tidak Tersedia,50000,https://blog.ultravoucher.co.id/harga-tiket-bioskop/,harga tiket bioskop,html_table,2026-04-28 03:19:59
UltraVoucher,cinema_ticket,"Harga Tiket Bioskop XXI dan CGV Lengkap di Jakarta, Hari Biasa dan Weekend!",Jakarta,cinema,,KEMANG VILLAGE XXI - Tersedia - Tersedia - Tidak Tersedia,40000,https://blog.ultravoucher.co.id/harga-tiket-bioskop/,harga tiket bioskop,html_table,2026-04-28 03:19:59
UltraVoucher,cinema_ticket,"Harga Tiket Bioskop XXI dan CGV Lengkap di Jakarta, Hari Biasa dan Weekend!",Jakarta,cinema,,KEMANG VILLAGE XXI - Tersedia - Tersedia - Tidak Tersedia,60000,https://blog.ultravoucher.co.id/harga-tiket-bioskop/,harga tiket bioskop,html_table,2026-04-28 03:19:59
UltraVoucher,cinema_ticket,"Harga Tiket Bioskop XXI dan CGV Lengkap di Jakarta, Hari Biasa dan Weekend!",Jakarta,cinema,,KEMANG VILLAGE XXI - Tersedia - Tersedia - Tidak Tersedia,150000,https://blog.ultravoucher.co.id/harga-tiket-bioskop/,harga tiket bioskop,html_table,2026-04-28 03:19:59
UltraVoucher,cinema_ticket,"Harga Tiket Bioskop XXI dan CGV Lengkap di Jakarta, Hari Biasa dan Weekend!",Jakarta,cinema,,KEMANG VILLAGE XXI - Tersedia - Tersedia - Tidak Tersedia,100000,https://blog.ultravoucher.co.id/harga-tiket-bioskop/,harga tiket bioskop,html_table,2026-04-28 03:19:59
UltraVoucher,cinema_ticket,"Harga Tiket Bioskop XXI dan CGV Lengkap di Jakarta, Hari Biasa dan Weekend!",Jakarta,cinema,,KEMANG VILLAGE XXI - Tersedia - Tersedia - Tidak Tersedia,200000,https://blog.ultravoucher.co.id/harga-tiket-bioskop/,harga tiket bioskop,html_table,2026-04-28 03:19:59
UltraVoucher,cinema_ticket,"Harga Tiket Bioskop XXI dan CGV Lengkap di Jakarta, Hari Biasa dan Weekend!",Jakarta,cinema,,SETIABUDI XXI - Tersedia - Tidak Tersedia - Tidak Tersedia,35000,https://blog.ultravoucher.co.id/harga-tiket-bioskop/,harga tiket bioskop,html_table,2026-04-28 03:19:59
UltraVoucher,cinema_ticket,"Harga Tiket Bioskop XXI dan CGV Lengkap di Jakarta, Hari Biasa dan Weekend!",Jakarta,cinema,,SETIABUDI XXI - Tersedia - Tidak Tersedia - Tidak Tersedia,30000,https://blog.ultravoucher.co.id/harga-tiket-bioskop/,harga tiket bioskop,html_table,2026-04-28 03:19:59
UltraVoucher,cinema_ticket,"Harga Tiket Bioskop XXI dan CGV Lengkap di Jakarta, Hari Biasa dan Weekend!",Jakarta,cinema,,SETIABUDI XXI - Tersedia - Tidak Tersedia - Tidak Tersedia,40000,https://blog.ultravoucher.co.id/harga-tiket-bioskop/,harga tiket bioskop,html_table,2026-04-28 03:19:59
UltraVoucher,cinema_ticket,"Harga Tiket Bioskop XXI dan CGV Lengkap di Jakarta, Hari Biasa dan Weekend!",Jakarta,cinema,,KRAMAT JATI XXI - Tersedia - Tidak Tersedia - Tidak Tersedia,40000,https://blog.ultravoucher.co.id/harga-tiket-bioskop/,harga tiket bioskop,html_table,2026-04-28 03:19:59
UltraVoucher,cinema_ticket,"Harga Tiket Bioskop XXI dan CGV Lengkap di Jakarta, Hari Biasa dan Weekend!",Jakarta,cinema,,KRAMAT JATI XXI - Tersedia - Tidak Tersedia - Tidak Tersedia,35000,https://blog.ultravoucher.co.id/harga-tiket-bioskop/,harga tiket bioskop,html_table,2026-04-28 03:19:59
UltraVoucher,cinema_ticket,"Harga Tiket Bioskop XXI dan CGV Lengkap di Jakarta, Hari Biasa dan Weekend!",Jakarta,cinema,,KRAMAT JATI XXI - Tersedia - Tidak Tersedia - Tidak Tersedia,45000,https://blog.ultravoucher.co.id/harga-tiket-bioskop/,harga tiket bioskop,html_table,2026-04-28 03:19:59
UltraVoucher,cinema_ticket,"Harga Tiket Bioskop XXI dan CGV Lengkap di Jakarta, Hari Biasa dan Weekend!",Jakarta,cinema,,BLOK M SQUARE - Tersedia - Tidak Tersedia - Tidak Tersedia,40000,https://blog.ultravoucher.co.id/harga-tiket-bioskop/,harga tiket bioskop,html_table,2026-04-28 03:19:59
UltraVoucher,cinema_ticket,"Harga Tiket Bioskop XXI dan CGV Lengkap di Jakarta, Hari Biasa dan Weekend!",Jakarta,cinema,,BLOK M SQUARE - Tersedia - Tidak Tersedia - Tidak Tersedia,35000,https://blog.ultravoucher.co.id/harga-tiket-bioskop/,harga tiket bioskop,html_table,2026-04-28 03:19:59
UltraVoucher,cinema_ticket,"Harga Tiket Bioskop XXI dan CGV Lengkap di Jakarta, Hari Biasa dan Weekend!",Jakarta,cinema,,BLOK M SQUARE - Tersedia - Tidak Tersedia - Tidak Tersedia,50000,https://blog.ultravoucher.co.id/harga-tiket-bioskop/,harga tiket bioskop,html_table,2026-04-28 03:19:59
UltraVoucher,cinema_ticket,"Harga Tiket Bioskop XXI dan CGV Lengkap di Jakarta, Hari Biasa dan Weekend!",Jakarta,cinema,,CITY PLAZA JATINEGARA XXI - Tersedia - Tidak Tersedia - Tidak Tersedia,45000,https://blog.ultravoucher.co.id/harga-tiket-bioskop/,harga tiket bioskop,html_table,2026-04-28 03:19:59
UltraVoucher,cinema_ticket,"Harga Tiket Bioskop XXI dan CGV Lengkap di Jakarta, Hari Biasa dan Weekend!",Jakarta,cinema,,CITY PLAZA JATINEGARA XXI - Tersedia - Tidak Tersedia - Tidak Tersedia,40000,https://blog.ultravoucher.co.id/harga-tiket-bioskop/,harga tiket bioskop,html_table,2026-04-28 03:19:59
UltraVoucher,cinema_ticket,"Harga Tiket Bioskop XXI dan CGV Lengkap di Jakarta, Hari Biasa dan Weekend!",Jakarta,cinema,,CITY PLAZA JATINEGARA XXI - Tersedia - Tidak Tersedia - Tidak Tersedia,50000,https://blog.ultravoucher.co.id/harga-tiket-bioskop/,harga tiket bioskop,html_table,2026-04-28 03:19:59
UltraVoucher,cinema_ticket,"Harga Tiket Bioskop XXI dan CGV Lengkap di Jakarta, Hari Biasa dan Weekend!",Jakarta,cinema,,BLOK M XXI - Tersedia - Tidak Tersedia - Tidak Tersedia,50000,https://blog.ultravoucher.co.id/harga-tiket-bioskop/,harga tiket bioskop,html_table,2026-04-28 03:19:59
UltraVoucher,cinema_ticket,"Harga Tiket Bioskop XXI dan CGV Lengkap di Jakarta, Hari Biasa dan Weekend!",Jakarta,cinema,,BLOK M XXI - Tersedia - Tidak Tersedia - Tidak Tersedia,45000,https://blog.ultravoucher.co.id/harga-tiket-bioskop/,harga tiket bioskop,html_table,2026-04-28 03:19:59
UltraVoucher,cinema_ticket,"Harga Tiket Bioskop XXI dan CGV Lengkap di Jakarta, Hari Biasa dan Weekend!",Jakarta,cinema,,BLOK M XXI - Tersedia - Tidak Tersedia - Tidak Tersedia,60000,https://blog.ultravoucher.co.id/harga-tiket-bioskop/,harga tiket bioskop,html_table,2026-04-28 03:19:59
UltraVoucher,cinema_ticket,"Harga Tiket Bioskop XXI dan CGV Lengkap di Jakarta, Hari Biasa dan Weekend!",Jakarta,cinema,,BASSURA XXI - Tersedia - Tidak Tersedia - Tidak Tersedia,45000,https://blog.ultravoucher.co.id/harga-tiket-bioskop/,harga tiket bioskop,html_table,2026-04-28 03:19:59
UltraVoucher,cinema_ticket,"Harga Tiket Bioskop XXI dan CGV Lengkap di Jakarta, Hari Biasa dan Weekend!",Jakarta,cinema,,BASSURA XXI - Tersedia - Tidak Tersedia - Tidak Tersedia,40000,https://blog.ultravoucher.co.id/harga-tiket-bioskop/,harga tiket bioskop,html_table,2026-04-28 03:19:59
UltraVoucher,cinema_ticket,"Harga Tiket Bioskop XXI dan CGV Lengkap di Jakarta, Hari Biasa dan Weekend!",Jakarta,cinema,,BASSURA XXI - Tersedia - Tidak Tersedia - Tidak Tersedia,50000,https://blog.ultravoucher.co.id/harga-tiket-bioskop/,harga tiket bioskop,html_table,2026-04-28 03:19:59
UltraVoucher,cinema_ticket,"Harga Tiket Bioskop XXI dan CGV Lengkap di Jakarta, Hari Biasa dan Weekend!",Jakarta,cinema,,PLAZA SENAYAN XXI - Tersedia - Tersedia - Tidak Tersedia,60000,https://blog.ultravoucher.co.id/harga-tiket-bioskop/,harga tiket bioskop,html_table,2026-04-28 03:19:59
UltraVoucher,cinema_ticket,"Harga Tiket Bioskop XXI dan CGV Lengkap di Jakarta, Hari Biasa dan Weekend!",Jakarta,cinema,,PLAZA SENAYAN XXI - Tersedia - Tersedia - Tidak Tersedia,50000,https://blog.ultravoucher.co.id/harga-tiket-bioskop/,harga tiket bioskop,html_table,2026-04-28 03:19:59
UltraVoucher,cinema_ticket,"Harga Tiket Bioskop XXI dan CGV Lengkap di Jakarta, Hari Biasa dan Weekend!",Jakarta,cinema,,PLAZA SENAYAN XXI - Tersedia - Tersedia - Tidak Tersedia,75000,https://blog.ultravoucher.co.id/harga-tiket-bioskop/,harga tiket bioskop,html_table,2026-04-28 03:19:59
UltraVoucher,cinema_ticket,"Harga Tiket Bioskop XXI dan CGV Lengkap di Jakarta, Hari Biasa dan Weekend!",Jakarta,cinema,,PLAZA SENAYAN XXI - Tersedia - Tersedia - Tidak Tersedia,200000,https://blog.ultravoucher.co.id/harga-tiket-bioskop/,harga tiket bioskop,html_table,2026-04-28 03:19:59
UltraVoucher,cinema_ticket,"Harga Tiket Bioskop XXI dan CGV Lengkap di Jakarta, Hari Biasa dan Weekend!",Jakarta,cinema,,PLAZA SENAYAN XXI - Tersedia - Tersedia - Tidak Tersedia,150000,https://blog.ultravoucher.co.id/harga-tiket-bioskop/,harga tiket bioskop,html_table,2026-04-28 03:19:59
UltraVoucher,cinema_ticket,"Harga Tiket Bioskop XXI dan CGV Lengkap di Jakarta, Hari Biasa dan Weekend!",Jakarta,cinema,,PLAZA SENAYAN XXI - Tersedia - Tersedia - Tidak Tersedia,300000,https://blog.ultravoucher.co.id/harga-tiket-bioskop/,harga tiket bioskop,html_table,2026-04-28 03:19:59
UltraVoucher,cinema_ticket,"Harga Tiket Bioskop XXI dan CGV Lengkap di Jakarta, Hari Biasa dan Weekend!",Jakarta,cinema,,METROPOLE XXI - Tersedia - Tersedia - Tidak Tersedia,45000,https://blog.ultravoucher.co.id/harga-tiket-bioskop/,harga tiket bioskop,html_table,2026-04-28 03:19:59
UltraVoucher,cinema_ticket,"Harga Tiket Bioskop XXI dan CGV Lengkap di Jakarta, Hari Biasa dan Weekend!",Jakarta,cinema,,METROPOLE XXI - Tersedia - Tersedia - Tidak Tersedia,40000,https://blog.ultravoucher.co.id/harga-tiket-bioskop/,harga tiket bioskop,html_table,2026-04-28 03:19:59
UltraVoucher,cinema_ticket,"Harga Tiket Bioskop XXI dan CGV Lengkap di Jakarta, Hari Biasa dan Weekend!",Jakarta,cinema,,METROPOLE XXI - Tersedia - Tersedia - Tidak Tersedia,55000,https://blog.ultravoucher.co.id/harga-tiket-bioskop/,harga tiket bioskop,html_table,2026-04-28 03:19:59
UltraVoucher,cinema_ticket,"Harga Tiket Bioskop XXI dan CGV Lengkap di Jakarta, Hari Biasa dan Weekend!",Jakarta,cinema,,METROPOLE XXI - Tersedia - Tersedia - Tidak Tersedia,150000,https://blog.ultravoucher.co.id/harga-tiket-bioskop/,harga tiket bioskop,html_table,2026-04-28 03:19:59
UltraVoucher,cinema_ticket,"Harga Tiket Bioskop XXI dan CGV Lengkap di Jakarta, Hari Biasa dan Weekend!",Jakarta,cinema,,METROPOLE XXI - Tersedia - Tersedia - Tidak Tersedia,100000,https://blog.ultravoucher.co.id/harga-tiket-bioskop/,harga tiket bioskop,html_table,2026-04-28 03:19:59
UltraVoucher,cinema_ticket,"Harga Tiket Bioskop XXI dan CGV Lengkap di Jakarta, Hari Biasa dan Weekend!",Jakarta,cinema,,METROPOLE XXI - Tersedia - Tersedia - Tidak Tersedia,200000,https://blog.ultravoucher.co.id/harga-tiket-bioskop/,harga tiket bioskop,html_table,2026-04-28 03:19:59
UltraVoucher,cinema_ticket,"Harga Tiket Bioskop XXI dan CGV Lengkap di Jakarta, Hari Biasa dan Weekend!",Jakarta,cinema,,SENAYAN CITY XXI - Tersedia - Tersedia - Tidak Tersedia,50000,https://blog.ultravoucher.co.id/harga-tiket-bioskop/,harga tiket bioskop,html_table,2026-04-28 03:19:59
UltraVoucher,cinema_ticket,"Harga Tiket Bioskop XXI dan CGV Lengkap di Jakarta, Hari Biasa dan Weekend!",Jakarta,cinema,,SENAYAN CITY XXI - Tersedia - Tersedia - Tidak Tersedia,40000,https://blog.ultravoucher.co.id/harga-tiket-bioskop/,harga tiket bioskop,html_table,2026-04-28 03:19:59
UltraVoucher,cinema_ticket,"Harga Tiket Bioskop XXI dan CGV Lengkap di Jakarta, Hari Biasa dan Weekend!",Jakarta,cinema,,SENAYAN CITY XXI - Tersedia - Tersedia - Tidak Tersedia,65000,https://blog.ultravoucher.co.id/harga-tiket-bioskop/,harga tiket bioskop,html_table,2026-04-28 03:19:59
UltraVoucher,cinema_ticket,"Harga Tiket Bioskop XXI dan CGV Lengkap di Jakarta, Hari Biasa dan Weekend!",Jakarta,cinema,,SENAYAN CITY XXI - Tersedia - Tersedia - Tidak Tersedia,200000,https://blog.ultravoucher.co.id/harga-tiket-bioskop/,harga tiket bioskop,html_table,2026-04-28 03:19:59
UltraVoucher,cinema_ticket,"Harga Tiket Bioskop XXI dan CGV Lengkap di Jakarta, Hari Biasa dan Weekend!",Jakarta,cinema,,SENAYAN CITY XXI - Tersedia - Tersedia - Tidak Tersedia,150000,https://blog.ultravoucher.co.id/harga-tiket-bioskop/,harga tiket bioskop,html_table,2026-04-28 03:19:59
UltraVoucher,cinema_ticket,"Harga Tiket Bioskop XXI dan CGV Lengkap di Jakarta, Hari Biasa dan Weekend!",Jakarta,cinema,,SENAYAN CITY XXI - Tersedia - Tersedia - Tidak Tersedia,250000,https://blog.ultravoucher.co.id/harga-tiket-bioskop/,harga tiket bioskop,html_table,2026-04-28 03:19:59
UltraVoucher,cinema_ticket,"Harga Tiket Bioskop XXI dan CGV Lengkap di Jakarta, Hari Biasa dan Weekend!",Jakarta,cinema,,AGORA MALL XXI - Tersedia - Tersedia - Tersedia,45000,https://blog.ultravoucher.co.id/harga-tiket-bioskop/,harga tiket bioskop,html_table,2026-04-28 03:19:59
UltraVoucher,cinema_ticket,"Harga Tiket Bioskop XXI dan CGV Lengkap di Jakarta, Hari Biasa dan Weekend!",Jakarta,cinema,,AGORA MALL XXI - Tersedia - Tersedia - Tersedia,40000,https://blog.ultravoucher.co.id/harga-tiket-bioskop/,harga tiket bioskop,html_table,2026-04-28 03:19:59
UltraVoucher,cinema_ticket,"Harga Tiket Bioskop XXI dan CGV Lengkap di Jakarta, Hari Biasa dan Weekend!",Jakarta,cinema,,AGORA MALL XXI - Tersedia - Tersedia - Tersedia,55000,https://blog.ultravoucher.co.id/harga-tiket-bioskop/,harga tiket bioskop,html_table,2026-04-28 03:19:59
UltraVoucher,cinema_ticket,"Harga Tiket Bioskop XXI dan CGV Lengkap di Jakarta, Hari Biasa dan Weekend!",Jakarta,cinema,,AGORA MALL XXI - Tersedia - Tersedia - Tersedia,125000,https://blog.ultravoucher.co.id/harga-tiket-bioskop/,harga tiket bioskop,html_table,2026-04-28 03:19:59
UltraVoucher,cinema_ticket,"Harga Tiket Bioskop XXI dan CGV Lengkap di Jakarta, Hari Biasa dan Weekend!",Jakarta,cinema,,AGORA MALL XXI - Tersedia - Tersedia - Tersedia,100000,https://blog.ultravoucher.co.id/harga-tiket-bioskop/,harga tiket bioskop,html_table,2026-04-28 03:19:59
UltraVoucher,cinema_ticket,"Harga Tiket Bioskop XXI dan CGV Lengkap di Jakarta, Hari Biasa dan Weekend!",Jakarta,cinema,,AGORA MALL XXI - Tersedia - Tersedia - Tersedia,150000,https://blog.ultravoucher.co.id/harga-tiket-bioskop/,harga tiket bioskop,html_table,2026-04-28 03:19:59
UltraVoucher,cinema_ticket,"Harga Tiket Bioskop XXI dan CGV Lengkap di Jakarta, Hari Biasa dan Weekend!",Jakarta,cinema,,AGORA MALL XXI - Tersedia - Tersedia - Tersedia,65000,https://blog.ultravoucher.co.id/harga-tiket-bioskop/,harga tiket bioskop,html_table,2026-04-28 03:19:59
UltraVoucher,cinema_ticket,"Harga Tiket Bioskop XXI dan CGV Lengkap di Jakarta, Hari Biasa dan Weekend!",Jakarta,cinema,,CIPINANG XXI - Tersedia - Tidak Tersedia - Tidak Tersedia,45000,https://blog.ultravoucher.co.id/harga-tiket-bioskop/,harga tiket bioskop,html_table,2026-04-28 03:19:59
UltraVoucher,cinema_ticket,"Harga Tiket Bioskop XXI dan CGV Lengkap di Jakarta, Hari Biasa dan Weekend!",Jakarta,cinema,,CIPINANG XXI - Tersedia - Tidak Tersedia - Tidak Tersedia,40000,https://blog.ultravoucher.co.id/harga-tiket-bioskop/,harga tiket bioskop,html_table,2026-04-28 03:19:59
UltraVoucher,cinema_ticket,"Harga Tiket Bioskop XXI dan CGV Lengkap di Jakarta, Hari Biasa dan Weekend!",Jakarta,cinema,,CIPINANG XXI - Tersedia - Tidak Tersedia - Tidak Tersedia,50000,https://blog.ultravoucher.co.id/harga-tiket-bioskop/,harga tiket bioskop,html_table,2026-04-28 03:19:59
UltraVoucher,cinema_ticket,"Harga Tiket Bioskop XXI dan CGV Lengkap di Jakarta, Hari Biasa dan Weekend!",Jakarta,cinema,,PLAZA INDONESIA XXI - Tersedia - Tersedia - Tidak Tersedia,60000,https://blog.ultravoucher.co.id/harga-tiket-bioskop/,harga tiket bioskop,html_table,2026-04-28 03:19:59
UltraVoucher,cinema_ticket,"Harga Tiket Bioskop XXI dan CGV Lengkap di Jakarta, Hari Biasa dan Weekend!",Jakarta,cinema,,PLAZA INDONESIA XXI - Tersedia - Tersedia - Tidak Tersedia,50000,https://blog.ultravoucher.co.id/harga-tiket-bioskop/,harga tiket bioskop,html_table,2026-04-28 03:19:59
UltraVoucher,cinema_ticket,"Harga Tiket Bioskop XXI dan CGV Lengkap di Jakarta, Hari Biasa dan Weekend!",Jakarta,cinema,,PLAZA INDONESIA XXI - Tersedia - Tersedia - Tidak Tersedia,75000,https://blog.ultravoucher.co.id/harga-tiket-bioskop/,harga tiket bioskop,html_table,2026-04-28 03:19:59
UltraVoucher,cinema_ticket,"Harga Tiket Bioskop XXI dan CGV Lengkap di Jakarta, Hari Biasa dan Weekend!",Jakarta,cinema,,PLAZA INDONESIA XXI - Tersedia - Tersedia - Tidak Tersedia,200000,https://blog.ultravoucher.co.id/harga-tiket-bioskop/,harga tiket bioskop,html_table,2026-04-28 03:19:59
UltraVoucher,cinema_ticket,"Harga Tiket Bioskop XXI dan CGV Lengkap di Jakarta, Hari Biasa dan Weekend!",Jakarta,cinema,,PLAZA INDONESIA XXI - Tersedia - Tersedia - Tidak Tersedia,150000,https://blog.ultravoucher.co.id/harga-tiket-bioskop/,harga tiket bioskop,html_table,2026-04-28 03:19:59
UltraVoucher,cinema_ticket,"Harga Tiket Bioskop XXI dan CGV Lengkap di Jakarta, Hari Biasa dan Weekend!",Jakarta,cinema,,PLAZA INDONESIA XXI - Tersedia - Tersedia - Tidak Tersedia,250000,https://blog.ultravoucher.co.id/harga-tiket-bioskop/,harga tiket bioskop,html_table,2026-04-28 03:19:59
UltraVoucher,cinema_ticket,"Harga Tiket Bioskop XXI dan CGV Lengkap di Jakarta, Hari Biasa dan Weekend!",Jakarta,cinema,,GANDARIA CITY XXI - Tersedia - Tersedia - Tersedia,60000,https://blog.ultravoucher.co.id/harga-tiket-bioskop/,harga tiket bioskop,html_table,2026-04-28 03:19:59
UltraVoucher,cinema_ticket,"Harga Tiket Bioskop XXI dan CGV Lengkap di Jakarta, Hari Biasa dan Weekend!",Jakarta,cinema,,GANDARIA CITY XXI - Tersedia - Tersedia - Tersedia,50000,https://blog.ultravoucher.co.id/harga-tiket-bioskop/,harga tiket bioskop,html_table,2026-04-28 03:19:59
UltraVoucher,cinema_ticket,"Harga Tiket Bioskop XXI dan CGV Lengkap di Jakarta, Hari Biasa dan Weekend!",Jakarta,cinema,,GANDARIA CITY XXI - Tersedia - Tersedia - Tersedia,75000,https://blog.ultravoucher.co.id/harga-tiket-bioskop/,harga tiket bioskop,html_table,2026-04-28 03:19:59
UltraVoucher,cinema_ticket,"Harga Tiket Bioskop XXI dan CGV Lengkap di Jakarta, Hari Biasa dan Weekend!",Jakarta,cinema,,GANDARIA CITY XXI - Tersedia - Tersedia - Tersedia,200000,https://blog.ultravoucher.co.id/harga-tiket-bioskop/,harga tiket bioskop,html_table,2026-04-28 03:19:59
UltraVoucher,cinema_ticket,"Harga Tiket Bioskop XXI dan CGV Lengkap di Jakarta, Hari Biasa dan Weekend!",Jakarta,cinema,,GANDARIA CITY XXI - Tersedia - Tersedia - Tersedia,150000,https://blog.ultravoucher.co.id/harga-tiket-bioskop/,harga tiket bioskop,html_table,2026-04-28 03:19:59
UltraVoucher,cinema_ticket,"Harga Tiket Bioskop XXI dan CGV Lengkap di Jakarta, Hari Biasa dan Weekend!",Jakarta,cinema,,GANDARIA CITY XXI - Tersedia - Tersedia - Tersedia,250000,https://blog.ultravoucher.co.id/harga-tiket-bioskop/,harga tiket bioskop,html_table,2026-04-28 03:19:59
UltraVoucher,cinema_ticket,"Harga Tiket Bioskop XXI dan CGV Lengkap di Jakarta, Hari Biasa dan Weekend!",Jakarta,cinema,,GANDARIA CITY XXI - Tersedia - Tersedia - Tersedia,70000,https://blog.ultravoucher.co.id/harga-tiket-bioskop/,harga tiket bioskop,html_table,2026-04-28 03:19:59
UltraVoucher,cinema_ticket,"Harga Tiket Bioskop XXI dan CGV Lengkap di Jakarta, Hari Biasa dan Weekend!",Jakarta,cinema,,GANDARIA CITY XXI - Tersedia - Tersedia - Tersedia,55000,https://blog.ultravoucher.co.id/harga-tiket-bioskop/,harga tiket bioskop,html_table,2026-04-28 03:19:59
UltraVoucher,cinema_ticket,"Harga Tiket Bioskop XXI dan CGV Lengkap di Jakarta, Hari Biasa dan Weekend!",Jakarta,cinema,,GANDARIA CITY XXI - Tersedia - Tersedia - Tersedia,90000,https://blog.ultravoucher.co.id/harga-tiket-bioskop/,harga tiket bioskop,html_table,2026-04-28 03:19:59
UltraVoucher,cinema_ticket,"Harga Tiket Bioskop XXI dan CGV Lengkap di Jakarta, Hari Biasa dan Weekend!",Jakarta,cinema,,PONDOK INDAH 1 XXI - Tersedia - Tidak Tersedia - Tidak Tersedia,60000,https://blog.ultravoucher.co.id/harga-tiket-bioskop/,harga tiket bioskop,html_table,2026-04-28 03:19:59
UltraVoucher,cinema_ticket,"Harga Tiket Bioskop XXI dan CGV Lengkap di Jakarta, Hari Biasa dan Weekend!",Jakarta,cinema,,PONDOK INDAH 1 XXI - Tersedia - Tidak Tersedia - Tidak Tersedia,50000,https://blog.ultravoucher.co.id/harga-tiket-bioskop/,harga tiket bioskop,html_table,2026-04-28 03:19:59
UltraVoucher,cinema_ticket,"Harga Tiket Bioskop XXI dan CGV Lengkap di Jakarta, Hari Biasa dan Weekend!",Jakarta,cinema,,PONDOK INDAH 1 XXI - Tersedia - Tidak Tersedia - Tidak Tersedia,75000,https://blog.ultravoucher.co.id/harga-tiket-bioskop/,harga tiket bioskop,html_table,2026-04-28 03:19:59
UltraVoucher,cinema_ticket,"Harga Tiket Bioskop XXI dan CGV Lengkap di Jakarta, Hari Biasa dan Weekend!",Jakarta,cinema,,PONDOK INDAH 2 XXI - Tersedia - Tersedia - Tidak Tersedia,60000,https://blog.ultravoucher.co.id/harga-tiket-bioskop/,harga tiket bioskop,html_table,2026-04-28 03:19:59
UltraVoucher,cinema_ticket,"Harga Tiket Bioskop XXI dan CGV Lengkap di Jakarta, Hari Biasa dan Weekend!",Jakarta,cinema,,PONDOK INDAH 2 XXI - Tersedia - Tersedia - Tidak Tersedia,50000,https://blog.ultravoucher.co.id/harga-tiket-bioskop/,harga tiket bioskop,html_table,2026-04-28 03:19:59
UltraVoucher,cinema_ticket,"Harga Tiket Bioskop XXI dan CGV Lengkap di Jakarta, Hari Biasa dan Weekend!",Jakarta,cinema,,PONDOK INDAH 2 XXI - Tersedia - Tersedia - Tidak Tersedia,75000,https://blog.ultravoucher.co.id/harga-tiket-bioskop/,harga tiket bioskop,html_table,2026-04-28 03:19:59
UltraVoucher,cinema_ticket,"Harga Tiket Bioskop XXI dan CGV Lengkap di Jakarta, Hari Biasa dan Weekend!",Jakarta,cinema,,PONDOK INDAH 2 XXI - Tersedia - Tersedia - Tidak Tersedia,200000,https://blog.ultravoucher.co.id/harga-tiket-bioskop/,harga tiket bioskop,html_table,2026-04-28 03:19:59
UltraVoucher,cinema_ticket,"Harga Tiket Bioskop XXI dan CGV Lengkap di Jakarta, Hari Biasa dan Weekend!",Jakarta,cinema,,PONDOK INDAH 2 XXI - Tersedia - Tersedia - Tidak Tersedia,150000,https://blog.ultravoucher.co.id/harga-tiket-bioskop/,harga tiket bioskop,html_table,2026-04-28 03:19:59
UltraVoucher,cinema_ticket,"Harga Tiket Bioskop XXI dan CGV Lengkap di Jakarta, Hari Biasa dan Weekend!",Jakarta,cinema,,PONDOK INDAH 2 XXI - Tersedia - Tersedia - Tidak Tersedia,300000,https://blog.ultravoucher.co.id/harga-tiket-bioskop/,harga tiket bioskop,html_table,2026-04-28 03:19:59
UltraVoucher,cinema_ticket,"Harga Tiket Bioskop XXI dan CGV Lengkap di Jakarta, Hari Biasa dan Weekend!",Jakarta,cinema,,DJAKARTA XXI - Tersedia - Tidak Tersedia - Tidak Tersedia,40000,https://blog.ultravoucher.co.id/harga-tiket-bioskop/,harga tiket bioskop,html_table,2026-04-28 03:19:59
UltraVoucher,cinema_ticket,"Harga Tiket Bioskop XXI dan CGV Lengkap di Jakarta, Hari Biasa dan Weekend!",Jakarta,cinema,,DJAKARTA XXI - Tersedia - Tidak Tersedia - Tidak Tersedia,35000,https://blog.ultravoucher.co.id/harga-tiket-bioskop/,harga tiket bioskop,html_table,2026-04-28 03:19:59
UltraVoucher,cinema_ticket,"Harga Tiket Bioskop XXI dan CGV Lengkap di Jakarta, Hari Biasa dan Weekend!",Jakarta,cinema,,DJAKARTA XXI - Tersedia - Tidak Tersedia - Tidak Tersedia,45000,https://blog.ultravoucher.co.id/harga-tiket-bioskop/,harga tiket bioskop,html_table,2026-04-28 03:19:59
UltraVoucher,cinema_ticket,"Harga Tiket Bioskop XXI dan CGV Lengkap di Jakarta, Hari Biasa dan Weekend!",Jakarta,cinema,,AEON MALL TANJUNG BARAT XXI - Tersedia - Tidak Tersedia - Tidak Tersedia,50000,https://blog.ultravoucher.co.id/harga-tiket-bioskop/,harga tiket bioskop,html_table,2026-04-28 03:19:59
UltraVoucher,cinema_ticket,"Harga Tiket Bioskop XXI dan CGV Lengkap di Jakarta, Hari Biasa dan Weekend!",Jakarta,cinema,,AEON MALL TANJUNG BARAT XXI - Tersedia - Tidak Tersedia - Tidak Tersedia,45000,https://blog.ultravoucher.co.id/harga-tiket-bioskop/,harga tiket bioskop,html_table,2026-04-28 03:19:59
UltraVoucher,cinema_ticket,"Harga Tiket Bioskop XXI dan CGV Lengkap di Jakarta, Hari Biasa dan Weekend!",Jakarta,cinema,,AEON MALL TANJUNG BARAT XXI - Tersedia - Tidak Tersedia - Tidak Tersedia,60000,https://blog.ultravoucher.co.id/harga-tiket-bioskop/,harga tiket bioskop,html_table,2026-04-28 03:19:59
UltraVoucher,cinema_ticket,"Harga Tiket Bioskop XXI dan CGV Lengkap di Jakarta, Hari Biasa dan Weekend!",Jakarta,cinema,,CIPLAZ KLENDER XXI - Tersedia - Tidak Tersedia - Tidak Tersedia,35000,https://blog.ultravoucher.co.id/harga-tiket-bioskop/,harga tiket bioskop,html_table,2026-04-28 03:19:59
UltraVoucher,cinema_ticket,"Harga Tiket Bioskop XXI dan CGV Lengkap di Jakarta, Hari Biasa dan Weekend!",Jakarta,cinema,,CIPLAZ KLENDER XXI - Tersedia - Tidak Tersedia - Tidak Tersedia,30000,https://blog.ultravoucher.co.id/harga-tiket-bioskop/,harga tiket bioskop,html_table,2026-04-28 03:19:59
UltraVoucher,cinema_ticket,"Harga Tiket Bioskop XXI dan CGV Lengkap di Jakarta, Hari Biasa dan Weekend!",Jakarta,cinema,,CIPLAZ KLENDER XXI - Tersedia - Tidak Tersedia - Tidak Tersedia,40000,https://blog.ultravoucher.co.id/harga-tiket-bioskop/,harga tiket bioskop,html_table,2026-04-28 03:19:59
UltraVoucher,cinema_ticket,"Harga Tiket Bioskop XXI dan CGV Lengkap di Jakarta, Hari Biasa dan Weekend!",Jakarta,cinema,,MAL ATRIUM SENEN XXI - Tersedia - Tidak Tersedia - Tidak Tersedia,50000,https://blog.ultravoucher.co.id/harga-tiket-bioskop/,harga tiket bioskop,html_table,2026-04-28 03:19:59
UltraVoucher,cinema_ticket,"Harga Tiket Bioskop XXI dan CGV Lengkap di Jakarta, Hari Biasa dan Weekend!",Jakarta,cinema,,MAL ATRIUM SENEN XXI - Tersedia - Tidak Tersedia - Tidak Tersedia,45000,https://blog.ultravoucher.co.id/harga-tiket-bioskop/,harga tiket bioskop,html_table,2026-04-28 03:19:59
UltraVoucher,cinema_ticket,"Harga Tiket Bioskop XXI dan CGV Lengkap di Jakarta, Hari Biasa dan Weekend!",Jakarta,cinema,,MAL ATRIUM SENEN XXI - Tersedia - Tidak Tersedia - Tidak Tersedia,55000,https://blog.ultravoucher.co.id/harga-tiket-bioskop/,harga tiket bioskop,html_table,2026-04-28 03:19:59
UltraVoucher,cinema_ticket,"Harga Tiket Bioskop XXI dan CGV Lengkap di Jakarta, Hari Biasa dan Weekend!",Jakarta,cinema,,CIJANTUNG XXI - Tersedia - Tidak Tersedia - Tidak Tersedia,50000,https://blog.ultravoucher.co.id/harga-tiket-bioskop/,harga tiket bioskop,html_table,2026-04-28 03:19:59
UltraVoucher,cinema_ticket,"Harga Tiket Bioskop XXI dan CGV Lengkap di Jakarta, Hari Biasa dan Weekend!",Jakarta,cinema,,CIJANTUNG XXI - Tersedia - Tidak Tersedia - Tidak Tersedia,45000,https://blog.ultravoucher.co.id/harga-tiket-bioskop/,harga tiket bioskop,html_table,2026-04-28 03:19:59
UltraVoucher,cinema_ticket,"Harga Tiket Bioskop XXI dan CGV Lengkap di Jakarta, Hari Biasa dan Weekend!",Jakarta,cinema,,CIJANTUNG XXI - Tersedia - Tidak Tersedia - Tidak Tersedia,55000,https://blog.ultravoucher.co.id/harga-tiket-bioskop/,harga tiket bioskop,html_table,2026-04-28 03:19:59
UltraVoucher,cinema_ticket,"Harga Tiket Bioskop XXI dan CGV Lengkap di Jakarta, Hari Biasa dan Weekend!",Jakarta,cinema,,ARION XXI - Tersedia - Tidak Tersedia - Tidak Tersedia,40000,https://blog.ultravoucher.co.id/harga-tiket-bioskop/,harga tiket bioskop,html_table,2026-04-28 03:19:59
UltraVoucher,cinema_ticket,"Harga Tiket Bioskop XXI dan CGV Lengkap di Jakarta, Hari Biasa dan Weekend!",Jakarta,cinema,,ARION XXI - Tersedia - Tidak Tersedia - Tidak Tersedia,35000,https://blog.ultravoucher.co.id/harga-tiket-bioskop/,harga tiket bioskop,html_table,2026-04-28 03:19:59
UltraVoucher,cinema_ticket,"Harga Tiket Bioskop XXI dan CGV Lengkap di Jakarta, Hari Biasa dan Weekend!",Jakarta,cinema,,ARION XXI - Tersedia - Tidak Tersedia - Tidak Tersedia,45000,https://blog.ultravoucher.co.id/harga-tiket-bioskop/,harga tiket bioskop,html_table,2026-04-28 03:19:59
UltraVoucher,cinema_ticket,"Harga Tiket Bioskop XXI dan CGV Lengkap di Jakarta, Hari Biasa dan Weekend!",Jakarta,cinema,,ONE BELPARK XXI - Tersedia - Tersedia - Tidak Tersedia,35000,https://blog.ultravoucher.co.id/harga-tiket-bioskop/,harga tiket bioskop,html_table,2026-04-28 03:19:59
UltraVoucher,cinema_ticket,"Harga Tiket Bioskop XXI dan CGV Lengkap di Jakarta, Hari Biasa dan Weekend!",Jakarta,cinema,,ONE BELPARK XXI - Tersedia - Tersedia - Tidak Tersedia,30000,https://blog.ultravoucher.co.id/harga-tiket-bioskop/,harga tiket bioskop,html_table,2026-04-28 03:19:59
UltraVoucher,cinema_ticket,"Harga Tiket Bioskop XXI dan CGV Lengkap di Jakarta, Hari Biasa dan Weekend!",Jakarta,cinema,,ONE BELPARK XXI - Tersedia - Tersedia - Tidak Tersedia,40000,https://blog.ultravoucher.co.id/harga-tiket-bioskop/,harga tiket bioskop,html_table,2026-04-28 03:19:59
UltraVoucher,cinema_ticket,"Harga Tiket Bioskop XXI dan CGV Lengkap di Jakarta, Hari Biasa dan Weekend!",Jakarta,cinema,,ONE BELPARK XXI - Tersedia - Tersedia - Tidak Tersedia,80000,https://blog.ultravoucher.co.id/harga-tiket-bioskop/,harga tiket bioskop,html_table,2026-04-28 03:19:59
UltraVoucher,cinema_ticket,"Harga Tiket Bioskop XXI dan CGV Lengkap di Jakarta, Hari Biasa dan Weekend!",Jakarta,cinema,,ONE BELPARK XXI - Tersedia - Tersedia - Tidak Tersedia,60000,https://blog.ultravoucher.co.id/harga-tiket-bioskop/,harga tiket bioskop,html_table,2026-04-28 03:19:59
UltraVoucher,cinema_ticket,"Harga Tiket Bioskop XXI dan CGV Lengkap di Jakarta, Hari Biasa dan Weekend!",Jakarta,cinema,,ONE BELPARK XXI - Tersedia - Tersedia - Tidak Tersedia,100000,https://blog.ultravoucher.co.id/harga-tiket-bioskop/,harga tiket bioskop,html_table,2026-04-28 03:19:59
UltraVoucher,cinema_ticket,"Harga Tiket Bioskop XXI dan CGV Lengkap di Jakarta, Hari Biasa dan Weekend!",Jakarta,cinema,,TAMAN ANGGREK XXI - Tersedia - Tidak Tersedia - Tidak Tersedia,55000,https://blog.ultravoucher.co.id/harga-tiket-bioskop/,harga tiket bioskop,html_table,2026-04-28 03:19:59
UltraVoucher,cinema_ticket,"Harga Tiket Bioskop XXI dan CGV Lengkap di Jakarta, Hari Biasa dan Weekend!",Jakarta,cinema,,TAMAN ANGGREK XXI - Tersedia - Tidak Tersedia - Tidak Tersedia,45000,https://blog.ultravoucher.co.id/harga-tiket-bioskop/,harga tiket bioskop,html_table,2026-04-28 03:19:59
UltraVoucher,cinema_ticket,"Harga Tiket Bioskop XXI dan CGV Lengkap di Jakarta, Hari Biasa dan Weekend!",Jakarta,cinema,,TAMAN ANGGREK XXI - Tersedia - Tidak Tersedia - Tidak Tersedia,60000,https://blog.ultravoucher.co.id/harga-tiket-bioskop/,harga tiket bioskop,html_table,2026-04-28 03:19:59
UltraVoucher,cinema_ticket,"Harga Tiket Bioskop XXI dan CGV Lengkap di Jakarta, Hari Biasa dan Weekend!",Jakarta,cinema,,CITRA XPERIENCE XXI - Tersedia - Tidak Tersedia - Tidak Tersedia,45000,https://blog.ultravoucher.co.id/harga-tiket-bioskop/,harga tiket bioskop,html_table,2026-04-28 03:19:59
UltraVoucher,cinema_ticket,"Harga Tiket Bioskop XXI dan CGV Lengkap di Jakarta, Hari Biasa dan Weekend!",Jakarta,cinema,,CITRA XPERIENCE XXI - Tersedia - Tidak Tersedia - Tidak Tersedia,40000,https://blog.ultravoucher.co.id/harga-tiket-bioskop/,harga tiket bioskop,html_table,2026-04-28 03:19:59
UltraVoucher,cinema_ticket,"Harga Tiket Bioskop XXI dan CGV Lengkap di Jakarta, Hari Biasa dan Weekend!",Jakarta,cinema,,CITRA XPERIENCE XXI - Tersedia - Tidak Tersedia - Tidak Tersedia,50000,https://blog.ultravoucher.co.id/harga-tiket-bioskop/,harga tiket bioskop,html_table,2026-04-28 03:19:59
UltraVoucher,cinema_ticket,"Harga Tiket Bioskop XXI dan CGV Lengkap di Jakarta, Hari Biasa dan Weekend!",Jakarta,cinema,,CITRA XXI - Tersedia - Tidak Tersedia - Tidak Tersedia,45000,https://blog.ultravoucher.co.id/harga-tiket-bioskop/,harga tiket bioskop,html_table,2026-04-28 03:19:59
UltraVoucher,cinema_ticket,"Harga Tiket Bioskop XXI dan CGV Lengkap di Jakarta, Hari Biasa dan Weekend!",Jakarta,cinema,,CITRA XXI - Tersedia - Tidak Tersedia - Tidak Tersedia,40000,https://blog.ultravoucher.co.id/harga-tiket-bioskop/,harga tiket bioskop,html_table,2026-04-28 03:19:59
UltraVoucher,cinema_ticket,"Harga Tiket Bioskop XXI dan CGV Lengkap di Jakarta, Hari Biasa dan Weekend!",Jakarta,cinema,,CITRA XXI - Tersedia - Tidak Tersedia - Tidak Tersedia,55000,https://blog.ultravoucher.co.id/harga-tiket-bioskop/,harga tiket bioskop,html_table,2026-04-28 03:19:59
UltraVoucher,cinema_ticket,"Harga Tiket Bioskop XXI dan CGV Lengkap di Jakarta, Hari Biasa dan Weekend!",Jakarta,cinema,,GRAND PARAGON XXI - Tersedia - Tidak Tersedia - Tidak Tersedia,40000,https://blog.ultravoucher.co.id/harga-tiket-bioskop/,harga tiket bioskop,html_table,2026-04-28 03:19:59
UltraVoucher,cinema_ticket,"Harga Tiket Bioskop XXI dan CGV Lengkap di Jakarta, Hari Biasa dan Weekend!",Jakarta,cinema,,GRAND PARAGON XXI - Tersedia - Tidak Tersedia - Tidak Tersedia,35000,https://blog.ultravoucher.co.id/harga-tiket-bioskop/,harga tiket bioskop,html_table,2026-04-28 03:19:59
UltraVoucher,cinema_ticket,"Harga Tiket Bioskop XXI dan CGV Lengkap di Jakarta, Hari Biasa dan Weekend!",Jakarta,cinema,,GRAND PARAGON XXI - Tersedia - Tidak Tersedia - Tidak Tersedia,45000,https://blog.ultravoucher.co.id/harga-tiket-bioskop/,harga tiket bioskop,html_table,2026-04-28 03:19:59
UltraVoucher,cinema_ticket,"Harga Tiket Bioskop XXI dan CGV Lengkap di Jakarta, Hari Biasa dan Weekend!",Jakarta,cinema,,SEASONS CITY XXI - Tersedia - Tidak Tersedia - Tidak Tersedia,45000,https://blog.ultravoucher.co.id/harga-tiket-bioskop/,harga tiket bioskop,html_table,2026-04-28 03:19:59
UltraVoucher,cinema_ticket,"Harga Tiket Bioskop XXI dan CGV Lengkap di Jakarta, Hari Biasa dan Weekend!",Jakarta,cinema,,SEASONS CITY XXI - Tersedia - Tidak Tersedia - Tidak Tersedia,40000,https://blog.ultravoucher.co.id/harga-tiket-bioskop/,harga tiket bioskop,html_table,2026-04-28 03:19:59
UltraVoucher,cinema_ticket,"Harga Tiket Bioskop XXI dan CGV Lengkap di Jakarta, Hari Biasa dan Weekend!",Jakarta,cinema,,SEASONS CITY XXI - Tersedia - Tidak Tersedia - Tidak Tersedia,50000,https://blog.ultravoucher.co.id/harga-tiket-bioskop/,harga tiket bioskop,html_table,2026-04-28 03:19:59
UltraVoucher,cinema_ticket,"Harga Tiket Bioskop XXI dan CGV Lengkap di Jakarta, Hari Biasa dan Weekend!",Jakarta,cinema,,KELAPA GADING XXI - Tersedia - Tersedia - Tersedia,60000,https://blog.ultravoucher.co.id/harga-tiket-bioskop/,harga tiket bioskop,html_table,2026-04-28 03:19:59
UltraVoucher,cinema_ticket,"Harga Tiket Bioskop XXI dan CGV Lengkap di Jakarta, Hari Biasa dan Weekend!",Jakarta,cinema,,KELAPA GADING XXI - Tersedia - Tersedia - Tersedia,50000,https://blog.ultravoucher.co.id/harga-tiket-bioskop/,harga tiket bioskop,html_table,2026-04-28 03:19:59
UltraVoucher,cinema_ticket,"Harga Tiket Bioskop XXI dan CGV Lengkap di Jakarta, Hari Biasa dan Weekend!",Jakarta,cinema,,KELAPA GADING XXI - Tersedia - Tersedia - Tersedia,75000,https://blog.ultravoucher.co.id/harga-tiket-bioskop/,harga tiket bioskop,html_table,2026-04-28 03:19:59
UltraVoucher,cinema_ticket,"Harga Tiket Bioskop XXI dan CGV Lengkap di Jakarta, Hari Biasa dan Weekend!",Jakarta,cinema,,KELAPA GADING XXI - Tersedia - Tersedia - Tersedia,200000,https://blog.ultravoucher.co.id/harga-tiket-bioskop/,harga tiket bioskop,html_table,2026-04-28 03:19:59
UltraVoucher,cinema_ticket,"Harga Tiket Bioskop XXI dan CGV Lengkap di Jakarta, Hari Biasa dan Weekend!",Jakarta,cinema,,KELAPA GADING XXI - Tersedia - Tersedia - Tersedia,150000,https://blog.ultravoucher.co.id/harga-tiket-bioskop/,harga tiket bioskop,html_table,2026-04-28 03:19:59
UltraVoucher,cinema_ticket,"Harga Tiket Bioskop XXI dan CGV Lengkap di Jakarta, Hari Biasa dan Weekend!",Jakarta,cinema,,KELAPA GADING XXI - Tersedia - Tersedia - Tersedia,250000,https://blog.ultravoucher.co.id/harga-tiket-bioskop/,harga tiket bioskop,html_table,2026-04-28 03:19:59
UltraVoucher,cinema_ticket,"Harga Tiket Bioskop XXI dan CGV Lengkap di Jakarta, Hari Biasa dan Weekend!",Jakarta,cinema,,KELAPA GADING XXI - Tersedia - Tersedia - Tersedia,70000,https://blog.ultravoucher.co.id/harga-tiket-bioskop/,harga tiket bioskop,html_table,2026-04-28 03:19:59
UltraVoucher,cinema_ticket,"Harga Tiket Bioskop XXI dan CGV Lengkap di Jakarta, Hari Biasa dan Weekend!",Jakarta,cinema,,KELAPA GADING XXI - Tersedia - Tersedia - Tersedia,55000,https://blog.ultravoucher.co.id/harga-tiket-bioskop/,harga tiket bioskop,html_table,2026-04-28 03:19:59
UltraVoucher,cinema_ticket,"Harga Tiket Bioskop XXI dan CGV Lengkap di Jakarta, Hari Biasa dan Weekend!",Jakarta,cinema,,KELAPA GADING XXI - Tersedia - Tersedia - Tersedia,90000,https://blog.ultravoucher.co.id/harga-tiket-bioskop/,harga tiket bioskop,html_table,2026-04-28 03:19:59
UltraVoucher,cinema_ticket,"Harga Tiket Bioskop XXI dan CGV Lengkap di Jakarta, Hari Biasa dan Weekend!",Jakarta,cinema,,ARTHA GADING XXI - Tersedia - Tidak Tersedia - Tidak Tersedia,45000,https://blog.ultravoucher.co.id/harga-tiket-bioskop/,harga tiket bioskop,html_table,2026-04-28 03:19:59
UltraVoucher,cinema_ticket,"Harga Tiket Bioskop XXI dan CGV Lengkap di Jakarta, Hari Biasa dan Weekend!",Jakarta,cinema,,ARTHA GADING XXI - Tersedia - Tidak Tersedia - Tidak Tersedia,40000,https://blog.ultravoucher.co.id/harga-tiket-bioskop/,harga tiket bioskop,html_table,2026-04-28 03:19:59
UltraVoucher,cinema_ticket,"Harga Tiket Bioskop XXI dan CGV Lengkap di Jakarta, Hari Biasa dan Weekend!",Jakarta,cinema,,ARTHA GADING XXI - Tersedia - Tidak Tersedia - Tidak Tersedia,55000,https://blog.ultravoucher.co.id/harga-tiket-bioskop/,harga tiket bioskop,html_table,2026-04-28 03:19:59
UltraVoucher,cinema_ticket,"Harga Tiket Bioskop XXI dan CGV Lengkap di Jakarta, Hari Biasa dan Weekend!",Jakarta,cinema,,LIPPO MALL PURI XXI - Tersedia - Tersedia - Tidak Tersedia,60000,https://blog.ultravoucher.co.id/harga-tiket-bioskop/,harga tiket bioskop,html_table,2026-04-28 03:19:59
UltraVoucher,cinema_ticket,"Harga Tiket Bioskop XXI dan CGV Lengkap di Jakarta, Hari Biasa dan Weekend!",Jakarta,cinema,,LIPPO MALL PURI XXI - Tersedia - Tersedia - Tidak Tersedia,50000,https://blog.ultravoucher.co.id/harga-tiket-bioskop/,harga tiket bioskop,html_table,2026-04-28 03:19:59
UltraVoucher,cinema_ticket,"Harga Tiket Bioskop XXI dan CGV Lengkap di Jakarta, Hari Biasa dan Weekend!",Jakarta,cinema,,LIPPO MALL PURI XXI - Tersedia - Tersedia - Tidak Tersedia,75000,https://blog.ultravoucher.co.id/harga-tiket-bioskop/,harga tiket bioskop,html_table,2026-04-28 03:19:59
UltraVoucher,cinema_ticket,"Harga Tiket Bioskop XXI dan CGV Lengkap di Jakarta, Hari Biasa dan Weekend!",Jakarta,cinema,,LIPPO MALL PURI XXI - Tersedia - Tersedia - Tidak Tersedia,200000,https://blog.ultravoucher.co.id/harga-tiket-bioskop/,harga tiket bioskop,html_table,2026-04-28 03:19:59
UltraVoucher,cinema_ticket,"Harga Tiket Bioskop XXI dan CGV Lengkap di Jakarta, Hari Biasa dan Weekend!",Jakarta,cinema,,LIPPO MALL PURI XXI - Tersedia - Tersedia - Tidak Tersedia,150000,https://blog.ultravoucher.co.id/harga-tiket-bioskop/,harga tiket bioskop,html_table,2026-04-28 03:19:59
UltraVoucher,cinema_ticket,"Harga Tiket Bioskop XXI dan CGV Lengkap di Jakarta, Hari Biasa dan Weekend!",Jakarta,cinema,,LIPPO MALL PURI XXI - Tersedia - Tersedia - Tidak Tersedia,250000,https://blog.ultravoucher.co.id/harga-tiket-bioskop/,harga tiket bioskop,html_table,2026-04-28 03:19:59
UltraVoucher,cinema_ticket,"Harga Tiket Bioskop XXI dan CGV Lengkap di Jakarta, Hari Biasa dan Weekend!",Jakarta,cinema,,PURI XXI - Tersedia - Tersedia - Tidak Tersedia,50000,https://blog.ultravoucher.co.id/harga-tiket-bioskop/,harga tiket bioskop,html_table,2026-04-28 03:19:59
UltraVoucher,cinema_ticket,"Harga Tiket Bioskop XXI dan CGV Lengkap di Jakarta, Hari Biasa dan Weekend!",Jakarta,cinema,,PURI XXI - Tersedia - Tersedia - Tidak Tersedia,40000,https://blog.ultravoucher.co.id/harga-tiket-bioskop/,harga tiket bioskop,html_table,2026-04-28 03:19:59
UltraVoucher,cinema_ticket,"Harga Tiket Bioskop XXI dan CGV Lengkap di Jakarta, Hari Biasa dan Weekend!",Jakarta,cinema,,PURI XXI - Tersedia - Tersedia - Tidak Tersedia,60000,https://blog.ultravoucher.co.id/harga-tiket-bioskop/,harga tiket bioskop,html_table,2026-04-28 03:19:59
UltraVoucher,cinema_ticket,"Harga Tiket Bioskop XXI dan CGV Lengkap di Jakarta, Hari Biasa dan Weekend!",Jakarta,cinema,,PURI XXI - Tersedia - Tersedia - Tidak Tersedia,150000,https://blog.ultravoucher.co.id/harga-tiket-bioskop/,harga tiket bioskop,html_table,2026-04-28 03:19:59
UltraVoucher,cinema_ticket,"Harga Tiket Bioskop XXI dan CGV Lengkap di Jakarta, Hari Biasa dan Weekend!",Jakarta,cinema,,PURI XXI - Tersedia - Tersedia - Tidak Tersedia,100000,https://blog.ultravoucher.co.id/harga-tiket-bioskop/,harga tiket bioskop,html_table,2026-04-28 03:19:59
UltraVoucher,cinema_ticket,"Harga Tiket Bioskop XXI dan CGV Lengkap di Jakarta, Hari Biasa dan Weekend!",Jakarta,cinema,,PURI XXI - Tersedia - Tersedia - Tidak Tersedia,200000,https://blog.ultravoucher.co.id/harga-tiket-bioskop/,harga tiket bioskop,html_table,2026-04-28 03:19:59
UltraVoucher,cinema_ticket,"Harga Tiket Bioskop XXI dan CGV Lengkap di Jakarta, Hari Biasa dan Weekend!",Jakarta,cinema,,EMPORIUM PLUIT XXI - Tersedia - Tersedia - Tidak Tersedia,55000,https://blog.ultravoucher.co.id/harga-tiket-bioskop/,harga tiket bioskop,html_table,2026-04-28 03:19:59
UltraVoucher,cinema_ticket,"Harga Tiket Bioskop XXI dan CGV Lengkap di Jakarta, Hari Biasa dan Weekend!",Jakarta,cinema,,EMPORIUM PLUIT XXI - Tersedia - Tersedia - Tidak Tersedia,45000,https://blog.ultravoucher.co.id/harga-tiket-bioskop/,harga tiket bioskop,html_table,2026-04-28 03:19:59
UltraVoucher,cinema_ticket,"Harga Tiket Bioskop XXI dan CGV Lengkap di Jakarta, Hari Biasa dan Weekend!",Jakarta,cinema,,EMPORIUM PLUIT XXI - Tersedia - Tersedia - Tidak Tersedia,65000,https://blog.ultravoucher.co.id/harga-tiket-bioskop/,harga tiket bioskop,html_table,2026-04-28 03:19:59
UltraVoucher,cinema_ticket,"Harga Tiket Bioskop XXI dan CGV Lengkap di Jakarta, Hari Biasa dan Weekend!",Jakarta,cinema,,EMPORIUM PLUIT XXI - Tersedia - Tersedia - Tidak Tersedia,150000,https://blog.ultravoucher.co.id/harga-tiket-bioskop/,harga tiket bioskop,html_table,2026-04-28 03:19:59
UltraVoucher,cinema_ticket,"Harga Tiket Bioskop XXI dan CGV Lengkap di Jakarta, Hari Biasa dan Weekend!",Jakarta,cinema,,EMPORIUM PLUIT XXI - Tersedia - Tersedia - Tidak Tersedia,100000,https://blog.ultravoucher.co.id/harga-tiket-bioskop/,harga tiket bioskop,html_table,2026-04-28 03:19:59
UltraVoucher,cinema_ticket,"Harga Tiket Bioskop XXI dan CGV Lengkap di Jakarta, Hari Biasa dan Weekend!",Jakarta,cinema,,EMPORIUM PLUIT XXI - Tersedia - Tersedia - Tidak Tersedia,200000,https://blog.ultravoucher.co.id/harga-tiket-bioskop/,harga tiket bioskop,html_table,2026-04-28 03:19:59
UltraVoucher,cinema_ticket,"Harga Tiket Bioskop XXI dan CGV Lengkap di Jakarta, Hari Biasa dan Weekend!",Jakarta,cinema,,CIPLAZ CENGKARENG XXI - Tersedia - Tidak Tersedia - Tidak Tersedia,40000,https://blog.ultravoucher.co.id/harga-tiket-bioskop/,harga tiket bioskop,html_table,2026-04-28 03:19:59
UltraVoucher,cinema_ticket,"Harga Tiket Bioskop XXI dan CGV Lengkap di Jakarta, Hari Biasa dan Weekend!",Jakarta,cinema,,CIPLAZ CENGKARENG XXI - Tersedia - Tidak Tersedia - Tidak Tersedia,50000,https://blog.ultravoucher.co.id/harga-tiket-bioskop/,harga tiket bioskop,html_table,2026-04-28 03:19:59
UltraVoucher,cinema_ticket,"Harga Tiket Bioskop XXI dan CGV Lengkap di Jakarta, Hari Biasa dan Weekend!",Jakarta,cinema,,MALL KOJA XXI - Tersedia - Tidak Tersedia - Tidak Tersedia,50000,https://blog.ultravoucher.co.id/harga-tiket-bioskop/,harga tiket bioskop,html_table,2026-04-28 03:19:59
UltraVoucher,cinema_ticket,"Harga Tiket Bioskop XXI dan CGV Lengkap di Jakarta, Hari Biasa dan Weekend!",Jakarta,cinema,,MALL KOJA XXI - Tersedia - Tidak Tersedia - Tidak Tersedia,40000,https://blog.ultravoucher.co.id/harga-tiket-bioskop/,harga tiket bioskop,html_table,2026-04-28 03:19:59
UltraVoucher,cinema_ticket,"Harga Tiket Bioskop XXI dan CGV Lengkap di Jakarta, Hari Biasa dan Weekend!",Jakarta,cinema,,MALL KOJA XXI - Tersedia - Tidak Tersedia - Tidak Tersedia,55000,https://blog.ultravoucher.co.id/harga-tiket-bioskop/,harga tiket bioskop,html_table,2026-04-28 03:19:59
UltraVoucher,cinema_ticket,"Harga Tiket Bioskop XXI dan CGV Lengkap di Jakarta, Hari Biasa dan Weekend!",Jakarta,cinema,,BAYWALK PLUIT XXI - Tersedia - Tersedia - Tidak Tersedia,40000,https://blog.ultravoucher.co.id/harga-tiket-bioskop/,harga tiket bioskop,html_table,2026-04-28 03:19:59
UltraVoucher,cinema_ticket,"Harga Tiket Bioskop XXI dan CGV Lengkap di Jakarta, Hari Biasa dan Weekend!",Jakarta,cinema,,BAYWALK PLUIT XXI - Tersedia - Tersedia - Tidak Tersedia,35000,https://blog.ultravoucher.co.id/harga-tiket-bioskop/,harga tiket bioskop,html_table,2026-04-28 03:19:59
UltraVoucher,cinema_ticket,"Harga Tiket Bioskop XXI dan CGV Lengkap di Jakarta, Hari Biasa dan Weekend!",Jakarta,cinema,,BAYWALK PLUIT XXI - Tersedia - Tersedia - Tidak Tersedia,45000,https://blog.ultravoucher.co.id/harga-tiket-bioskop/,harga tiket bioskop,html_table,2026-04-28 03:19:59
UltraVoucher,cinema_ticket,"Harga Tiket Bioskop XXI dan CGV Lengkap di Jakarta, Hari Biasa dan Weekend!",Jakarta,cinema,,BAYWALK PLUIT XXI - Tersedia - Tersedia - Tidak Tersedia,80000,https://blog.ultravoucher.co.id/harga-tiket-bioskop/,harga tiket bioskop,html_table,2026-04-28 03:19:59
UltraVoucher,cinema_ticket,"Harga Tiket Bioskop XXI dan CGV Lengkap di Jakarta, Hari Biasa dan Weekend!",Jakarta,cinema,,BAYWALK PLUIT XXI - Tersedia - Tersedia - Tidak Tersedia,60000,https://blog.ultravoucher.co.id/harga-tiket-bioskop/,harga tiket bioskop,html_table,2026-04-28 03:19:59
UltraVoucher,cinema_ticket,"Harga Tiket Bioskop XXI dan CGV Lengkap di Jakarta, Hari Biasa dan Weekend!",Jakarta,cinema,,BAYWALK PLUIT XXI - Tersedia - Tersedia - Tidak Tersedia,100000,https://blog.ultravoucher.co.id/harga-tiket-bioskop/,harga tiket bioskop,html_table,2026-04-28 03:19:59
UltraVoucher,cinema_ticket,"Harga Tiket Bioskop XXI dan CGV Lengkap di Jakarta, Hari Biasa dan Weekend!",Jakarta,cinema,,GREEN SEDAYU MALL XXI - Tersedia - Tidak Tersedia - Tidak Tersedia,45000,https://blog.ultravoucher.co.id/harga-tiket-bioskop/,harga tiket bioskop,html_table,2026-04-28 03:19:59
UltraVoucher,cinema_ticket,"Harga Tiket Bioskop XXI dan CGV Lengkap di Jakarta, Hari Biasa dan Weekend!",Jakarta,cinema,,GREEN SEDAYU MALL XXI - Tersedia - Tidak Tersedia - Tidak Tersedia,40000,https://blog.ultravoucher.co.id/harga-tiket-bioskop/,harga tiket bioskop,html_table,2026-04-28 03:19:59
UltraVoucher,cinema_ticket,"Harga Tiket Bioskop XXI dan CGV Lengkap di Jakarta, Hari Biasa dan Weekend!",Jakarta,cinema,,GREEN SEDAYU MALL XXI - Tersedia - Tidak Tersedia - Tidak Tersedia,55000,https://blog.ultravoucher.co.id/harga-tiket-bioskop/,harga tiket bioskop,html_table,2026-04-28 03:19:59
UltraVoucher,cinema_ticket,"Harga Tiket Bioskop XXI dan CGV Lengkap di Jakarta, Hari Biasa dan Weekend!",Jakarta,cinema,,DAAN MOGOT XXI - Tersedia - Tidak Tersedia - Tidak Tersedia,45000,https://blog.ultravoucher.co.id/harga-tiket-bioskop/,harga tiket bioskop,html_table,2026-04-28 03:19:59
UltraVoucher,cinema_ticket,"Harga Tiket Bioskop XXI dan CGV Lengkap di Jakarta, Hari Biasa dan Weekend!",Jakarta,cinema,,DAAN MOGOT XXI - Tersedia - Tidak Tersedia - Tidak Tersedia,40000,https://blog.ultravoucher.co.id/harga-tiket-bioskop/,harga tiket bioskop,html_table,2026-04-28 03:19:59
UltraVoucher,cinema_ticket,"Harga Tiket Bioskop XXI dan CGV Lengkap di Jakarta, Hari Biasa dan Weekend!",Jakarta,cinema,,DAAN MOGOT XXI - Tersedia - Tidak Tersedia - Tidak Tersedia,55000,https://blog.ultravoucher.co.id/harga-tiket-bioskop/,harga tiket bioskop,html_table,2026-04-28 03:19:59
UltraVoucher,cinema_ticket,"Harga Tiket Bioskop XXI dan CGV Lengkap di Jakarta, Hari Biasa dan Weekend!",Jakarta,cinema,,Grand Indonesia - Tersedia - Tersedia - Tidak Tersedia,55000,https://blog.ultravoucher.co.id/harga-tiket-bioskop/,harga tiket bioskop,html_table,2026-04-28 03:19:59
UltraVoucher,cinema_ticket,"Harga Tiket Bioskop XXI dan CGV Lengkap di Jakarta, Hari Biasa dan Weekend!",Jakarta,cinema,,Grand Indonesia - Tersedia - Tersedia - Tidak Tersedia,65000,https://blog.ultravoucher.co.id/harga-tiket-bioskop/,harga tiket bioskop,html_table,2026-04-28 03:19:59
UltraVoucher,cinema_ticket,"Harga Tiket Bioskop XXI dan CGV Lengkap di Jakarta, Hari Biasa dan Weekend!",Jakarta,cinema,,Grand Indonesia - Tersedia - Tersedia - Tidak Tersedia,75000,https://blog.ultravoucher.co.id/harga-tiket-bioskop/,harga tiket bioskop,html_table,2026-04-28 03:19:59
UltraVoucher,cinema_ticket,"Harga Tiket Bioskop XXI dan CGV Lengkap di Jakarta, Hari Biasa dan Weekend!",Jakarta,cinema,,Grand Indonesia - Tersedia - Tersedia - Tidak Tersedia,85000,https://blog.ultravoucher.co.id/harga-tiket-bioskop/,harga tiket bioskop,html_table,2026-04-28 03:19:59
UltraVoucher,cinema_ticket,"Harga Tiket Bioskop XXI dan CGV Lengkap di Jakarta, Hari Biasa dan Weekend!",Jakarta,cinema,,Pacific Place - Tersedia - Tidak Tersedia - Tersedia,60000,https://blog.ultravoucher.co.id/harga-tiket-bioskop/,harga tiket bioskop,html_table,2026-04-28 03:19:59
UltraVoucher,cinema_ticket,"Harga Tiket Bioskop XXI dan CGV Lengkap di Jakarta, Hari Biasa dan Weekend!",Jakarta,cinema,,Pacific Place - Tersedia - Tidak Tersedia - Tersedia,70000,https://blog.ultravoucher.co.id/harga-tiket-bioskop/,harga tiket bioskop,html_table,2026-04-28 03:19:59
UltraVoucher,cinema_ticket,"Harga Tiket Bioskop XXI dan CGV Lengkap di Jakarta, Hari Biasa dan Weekend!",Jakarta,cinema,,Pacific Place - Tersedia - Tidak Tersedia - Tersedia,80000,https://blog.ultravoucher.co.id/harga-tiket-bioskop/,harga tiket bioskop,html_table,2026-04-28 03:19:59
UltraVoucher,cinema_ticket,"Harga Tiket Bioskop XXI dan CGV Lengkap di Jakarta, Hari Biasa dan Weekend!",Jakarta,cinema,,Pacific Place - Tersedia - Tidak Tersedia - Tersedia,65000,https://blog.ultravoucher.co.id/harga-tiket-bioskop/,harga tiket bioskop,html_table,2026-04-28 03:19:59
UltraVoucher,cinema_ticket,"Harga Tiket Bioskop XXI dan CGV Lengkap di Jakarta, Hari Biasa dan Weekend!",Jakarta,cinema,,Pacific Place - Tersedia - Tidak Tersedia - Tersedia,75000,https://blog.ultravoucher.co.id/harga-tiket-bioskop/,harga tiket bioskop,html_table,2026-04-28 03:19:59
UltraVoucher,cinema_ticket,"Harga Tiket Bioskop XXI dan CGV Lengkap di Jakarta, Hari Biasa dan Weekend!",Jakarta,cinema,,Pacific Place - Tersedia - Tidak Tersedia - Tersedia,85000,https://blog.ultravoucher.co.id/harga-tiket-bioskop/,harga tiket bioskop,html_table,2026-04-28 03:19:59
UltraVoucher,cinema_ticket,"Harga Tiket Bioskop XXI dan CGV Lengkap di Jakarta, Hari Biasa dan Weekend!",Jakarta,cinema,,Central Park - Tersedia - Tersedia - Tersedia,50000,https://blog.ultravoucher.co.id/harga-tiket-bioskop/,harga tiket bioskop,html_table,2026-04-28 03:19:59
UltraVoucher,cinema_ticket,"Harga Tiket Bioskop XXI dan CGV Lengkap di Jakarta, Hari Biasa dan Weekend!",Jakarta,cinema,,Central Park - Tersedia - Tersedia - Tersedia,60000,https://blog.ultravoucher.co.id/harga-tiket-bioskop/,harga tiket bioskop,html_table,2026-04-28 03:19:59
UltraVoucher,cinema_ticket,"Harga Tiket Bioskop XXI dan CGV Lengkap di Jakarta, Hari Biasa dan Weekend!",Jakarta,cinema,,Central Park - Tersedia - Tersedia - Tersedia,70000,https://blog.ultravoucher.co.id/harga-tiket-bioskop/,harga tiket bioskop,html_table,2026-04-28 03:19:59
UltraVoucher,cinema_ticket,"Harga Tiket Bioskop XXI dan CGV Lengkap di Jakarta, Hari Biasa dan Weekend!",Jakarta,cinema,,Central Park - Tersedia - Tersedia - Tersedia,80000,https://blog.ultravoucher.co.id/harga-tiket-bioskop/,harga tiket bioskop,html_table,2026-04-28 03:19:59
UltraVoucher,cinema_ticket,"Harga Tiket Bioskop XXI dan CGV Lengkap di Jakarta, Hari Biasa dan Weekend!",Jakarta,cinema,,Central Park - Tersedia - Tersedia - Tersedia,90000,https://blog.ultravoucher.co.id/harga-tiket-bioskop/,harga tiket bioskop,html_table,2026-04-28 03:19:59
UltraVoucher,cinema_ticket,"Harga Tiket Bioskop XXI dan CGV Lengkap di Jakarta, Hari Biasa dan Weekend!",Jakarta,cinema,,Central Park - Tersedia - Tersedia - Tersedia,55000,https://blog.ultravoucher.co.id/harga-tiket-bioskop/,harga tiket bioskop,html_table,2026-04-28 03:19:59
UltraVoucher,cinema_ticket,"Harga Tiket Bioskop XXI dan CGV Lengkap di Jakarta, Hari Biasa dan Weekend!",Jakarta,cinema,,Central Park - Tersedia - Tersedia - Tersedia,65000,https://blog.ultravoucher.co.id/harga-tiket-bioskop/,harga tiket bioskop,html_table,2026-04-28 03:19:59
UltraVoucher,cinema_ticket,"Harga Tiket Bioskop XXI dan CGV Lengkap di Jakarta, Hari Biasa dan Weekend!",Jakarta,cinema,,Central Park - Tersedia - Tersedia - Tersedia,75000,https://blog.ultravoucher.co.id/harga-tiket-bioskop/,harga tiket bioskop,html_table,2026-04-28 03:19:59
UltraVoucher,cinema_ticket,"Harga Tiket Bioskop XXI dan CGV Lengkap di Jakarta, Hari Biasa dan Weekend!",Jakarta,cinema,,Slipi Jaya - Tersedia - Tidak Tersedia - Tersedia,35000,https://blog.ultravoucher.co.id/harga-tiket-bioskop/,harga tiket bioskop,html_table,2026-04-28 03:19:59
UltraVoucher,cinema_ticket,"Harga Tiket Bioskop XXI dan CGV Lengkap di Jakarta, Hari Biasa dan Weekend!",Jakarta,cinema,,Slipi Jaya - Tersedia - Tidak Tersedia - Tersedia,45000,https://blog.ultravoucher.co.id/harga-tiket-bioskop/,harga tiket bioskop,html_table,2026-04-28 03:19:59
UltraVoucher,cinema_ticket,"Harga Tiket Bioskop XXI dan CGV Lengkap di Jakarta, Hari Biasa dan Weekend!",Jakarta,cinema,,Slipi Jaya - Tersedia - Tidak Tersedia - Tersedia,50000,https://blog.ultravoucher.co.id/harga-tiket-bioskop/,harga tiket bioskop,html_table,2026-04-28 03:19:59
UltraVoucher,cinema_ticket,"Harga Tiket Bioskop XXI dan CGV Lengkap di Jakarta, Hari Biasa dan Weekend!",Jakarta,cinema,,Slipi Jaya - Tersedia - Tidak Tersedia - Tersedia,40000,https://blog.ultravoucher.co.id/harga-tiket-bioskop/,harga tiket bioskop,html_table,2026-04-28 03:19:59
UltraVoucher,cinema_ticket,"Harga Tiket Bioskop XXI dan CGV Lengkap di Jakarta, Hari Biasa dan Weekend!",Jakarta,cinema,,Slipi Jaya - Tersedia - Tidak Tersedia - Tersedia,55000,https://blog.ultravoucher.co.id/harga-tiket-bioskop/,harga tiket bioskop,html_table,2026-04-28 03:19:59
UltraVoucher,cinema_ticket,"Harga Tiket Bioskop XXI dan CGV Lengkap di Jakarta, Hari Biasa dan Weekend!",Jakarta,cinema,,Green Pramuka Mall - Tersedia - Tidak Tersedia - Tersedia,42000,https://blog.ultravoucher.co.id/harga-tiket-bioskop/,harga tiket bioskop,html_table,2026-04-28 03:19:59
UltraVoucher,cinema_ticket,"Harga Tiket Bioskop XXI dan CGV Lengkap di Jakarta, Hari Biasa dan Weekend!",Jakarta,cinema,,Green Pramuka Mall - Tersedia - Tidak Tersedia - Tersedia,46000,https://blog.ultravoucher.co.id/harga-tiket-bioskop/,harga tiket bioskop,html_table,2026-04-28 03:19:59
UltraVoucher,cinema_ticket,"Harga Tiket Bioskop XXI dan CGV Lengkap di Jakarta, Hari Biasa dan Weekend!",Jakarta,cinema,,Green Pramuka Mall - Tersedia - Tidak Tersedia - Tersedia,50000,https://blog.ultravoucher.co.id/harga-tiket-bioskop/,harga tiket bioskop,html_table,2026-04-28 03:19:59
UltraVoucher,cinema_ticket,"Harga Tiket Bioskop XXI dan CGV Lengkap di Jakarta, Hari Biasa dan Weekend!",Jakarta,cinema,,Green Pramuka Mall - Tersedia - Tidak Tersedia - Tersedia,47000,https://blog.ultravoucher.co.id/harga-tiket-bioskop/,harga tiket bioskop,html_table,2026-04-28 03:19:59
UltraVoucher,cinema_ticket,"Harga Tiket Bioskop XXI dan CGV Lengkap di Jakarta, Hari Biasa dan Weekend!",Jakarta,cinema,,Green Pramuka Mall - Tersedia - Tidak Tersedia - Tersedia,51000,https://blog.ultravoucher.co.id/harga-tiket-bioskop/,harga tiket bioskop,html_table,2026-04-28 03:19:59
UltraVoucher,cinema_ticket,"Harga Tiket Bioskop XXI dan CGV Lengkap di Jakarta, Hari Biasa dan Weekend!",Jakarta,cinema,,Green Pramuka Mall - Tersedia - Tidak Tersedia - Tersedia,55000,https://blog.ultravoucher.co.id/harga-tiket-bioskop/,harga tiket bioskop,html_table,2026-04-28 03:19:59
UltraVoucher,cinema_ticket,"Harga Tiket Bioskop XXI dan CGV Lengkap di Jakarta, Hari Biasa dan Weekend!",Jakarta,cinema,,Bella Terra Lifestyle Center - Tersedia - Tidak Tersedia - Tersedia,28000,https://blog.ultravoucher.co.id/harga-tiket-bioskop/,harga tiket bioskop,html_table,2026-04-28 03:19:59
UltraVoucher,cinema_ticket,"Harga Tiket Bioskop XXI dan CGV Lengkap di Jakarta, Hari Biasa dan Weekend!",Jakarta,cinema,,Bella Terra Lifestyle Center - Tersedia - Tidak Tersedia - Tersedia,33000,https://blog.ultravoucher.co.id/harga-tiket-bioskop/,harga tiket bioskop,html_table,2026-04-28 03:19:59
UltraVoucher,cinema_ticket,"Harga Tiket Bioskop XXI dan CGV Lengkap di Jakarta, Hari Biasa dan Weekend!",Jakarta,cinema,,Bella Terra Lifestyle Center - Tersedia - Tidak Tersedia - Tersedia,37000,https://blog.ultravoucher.co.id/harga-tiket-bioskop/,harga tiket bioskop,html_table,2026-04-28 03:19:59
UltraVoucher,cinema_ticket,"Harga Tiket Bioskop XXI dan CGV Lengkap di Jakarta, Hari Biasa dan Weekend!",Jakarta,cinema,,Bella Terra Lifestyle Center - Tersedia - Tidak Tersedia - Tersedia,38000,https://blog.ultravoucher.co.id/harga-tiket-bioskop/,harga tiket bioskop,html_table,2026-04-28 03:19:59
UltraVoucher,cinema_ticket,"Harga Tiket Bioskop XXI dan CGV Lengkap di Jakarta, Hari Biasa dan Weekend!",Jakarta,cinema,,Bella Terra Lifestyle Center - Tersedia - Tidak Tersedia - Tersedia,42000,https://blog.ultravoucher.co.id/harga-tiket-bioskop/,harga tiket bioskop,html_table,2026-04-28 03:19:59
UltraVoucher,cinema_ticket,"Harga Tiket Bioskop XXI dan CGV Lengkap di Jakarta, Hari Biasa dan Weekend!",Jakarta,cinema,,Transmart Cempaka Putih - Tersedia - Tidak Tersedia - Tersedia,34000,https://blog.ultravoucher.co.id/harga-tiket-bioskop/,harga tiket bioskop,html_table,2026-04-28 03:19:59
UltraVoucher,cinema_ticket,"Harga Tiket Bioskop XXI dan CGV Lengkap di Jakarta, Hari Biasa dan Weekend!",Jakarta,cinema,,Transmart Cempaka Putih - Tersedia - Tidak Tersedia - Tersedia,39000,https://blog.ultravoucher.co.id/harga-tiket-bioskop/,harga tiket bioskop,html_table,2026-04-28 03:19:59
UltraVoucher,cinema_ticket,"Harga Tiket Bioskop XXI dan CGV Lengkap di Jakarta, Hari Biasa dan Weekend!",Jakarta,cinema,,Transmart Cempaka Putih - Tersedia - Tidak Tersedia - Tersedia,44000,https://blog.ultravoucher.co.id/harga-tiket-bioskop/,harga tiket bioskop,html_table,2026-04-28 03:19:59
UltraVoucher,cinema_ticket,"Harga Tiket Bioskop XXI dan CGV Lengkap di Jakarta, Hari Biasa dan Weekend!",Jakarta,cinema,,Transmart Cempaka Putih - Tersedia - Tidak Tersedia - Tersedia,49000,https://blog.ultravoucher.co.id/harga-tiket-bioskop/,harga tiket bioskop,html_table,2026-04-28 03:19:59
UltraVoucher,cinema_ticket,"Harga Tiket Bioskop XXI dan CGV Lengkap di Jakarta, Hari Biasa dan Weekend!",Jakarta,cinema,,Aeon Mall JGC - Tersedia - Tidak Tersedia - Tersedia,45000,https://blog.ultravoucher.co.id/harga-tiket-bioskop/,harga tiket bioskop,html_table,2026-04-28 03:19:59
UltraVoucher,cinema_ticket,"Harga Tiket Bioskop XXI dan CGV Lengkap di Jakarta, Hari Biasa dan Weekend!",Jakarta,cinema,,Aeon Mall JGC - Tersedia - Tidak Tersedia - Tersedia,50000,https://blog.ultravoucher.co.id/harga-tiket-bioskop/,harga tiket bioskop,html_table,2026-04-28 03:19:59
UltraVoucher,cinema_ticket,"Harga Tiket Bioskop XXI dan CGV Lengkap di Jakarta, Hari Biasa dan Weekend!",Jakarta,cinema,,Aeon Mall JGC - Tersedia - Tidak Tersedia - Tersedia,55000,https://blog.ultravoucher.co.id/harga-tiket-bioskop/,harga tiket bioskop,html_table,2026-04-28 03:19:59
UltraVoucher,cinema_ticket,"Harga Tiket Bioskop XXI dan CGV Lengkap di Jakarta, Hari Biasa dan Weekend!",Jakarta,cinema,,Aeon Mall JGC - Tersedia - Tidak Tersedia - Tersedia,60000,https://blog.ultravoucher.co.id/harga-tiket-bioskop/,harga tiket bioskop,html_table,2026-04-28 03:19:59
UltraVoucher,cinema_ticket,"Harga Tiket Bioskop XXI dan CGV Lengkap di Jakarta, Hari Biasa dan Weekend!",Jakarta,cinema,,FX Sudirman - Tersedia - Tidak Tersedia - Tidak Tersedia,40000,https://blog.ultravoucher.co.id/harga-tiket-bioskop/,harga tiket bioskop,html_table,2026-04-28 03:19:59
UltraVoucher,cinema_ticket,"Harga Tiket Bioskop XXI dan CGV Lengkap di Jakarta, Hari Biasa dan Weekend!",Jakarta,cinema,,FX Sudirman - Tersedia - Tidak Tersedia - Tidak Tersedia,45000,https://blog.ultravoucher.co.id/harga-tiket-bioskop/,harga tiket bioskop,html_table,2026-04-28 03:19:59
UltraVoucher,cinema_ticket,"Harga Tiket Bioskop XXI dan CGV Lengkap di Jakarta, Hari Biasa dan Weekend!",Jakarta,cinema,,FX Sudirman - Tersedia - Tidak Tersedia - Tidak Tersedia,55000,https://blog.ultravoucher.co.id/harga-tiket-bioskop/,harga tiket bioskop,html_table,2026-04-28 03:19:59
UltraVoucher,cinema_ticket,"Harga Tiket Bioskop XXI dan CGV Lengkap di Jakarta, Hari Biasa dan Weekend!",Jakarta,cinema,,Sunter Mall - Tersedia - Tidak Tersedia - Tersedia,45000,https://blog.ultravoucher.co.id/harga-tiket-bioskop/,harga tiket bioskop,html_table,2026-04-28 03:19:59
UltraVoucher,cinema_ticket,"Harga Tiket Bioskop XXI dan CGV Lengkap di Jakarta, Hari Biasa dan Weekend!",Jakarta,cinema,,Sunter Mall - Tersedia - Tidak Tersedia - Tersedia,50000,https://blog.ultravoucher.co.id/harga-tiket-bioskop/,harga tiket bioskop,html_table,2026-04-28 03:19:59
UltraVoucher,cinema_ticket,"Harga Tiket Bioskop XXI dan CGV Lengkap di Jakarta, Hari Biasa dan Weekend!",Jakarta,cinema,,Sunter Mall - Tersedia - Tidak Tersedia - Tersedia,55000,https://blog.ultravoucher.co.id/harga-tiket-bioskop/,harga tiket bioskop,html_table,2026-04-28 03:19:59
UltraVoucher,cinema_ticket,"Harga Tiket Bioskop XXI dan CGV Lengkap di Jakarta, Hari Biasa dan Weekend!",Jakarta,cinema,,Sunter Mall - Tersedia - Tidak Tersedia - Tersedia,60000,https://blog.ultravoucher.co.id/harga-tiket-bioskop/,harga tiket bioskop,html_table,2026-04-28 03:19:59
UltraVoucher,cinema_ticket,"Harga Tiket Bioskop XXI dan CGV Lengkap di Jakarta, Hari Biasa dan Weekend!",Jakarta,cinema,,Buaran Plaza - Tersedia - Tidak Tersedia - Tersedia,38000,https://blog.ultravoucher.co.id/harga-tiket-bioskop/,harga tiket bioskop,html_table,2026-04-28 03:19:59
UltraVoucher,cinema_ticket,"Harga Tiket Bioskop XXI dan CGV Lengkap di Jakarta, Hari Biasa dan Weekend!",Jakarta,cinema,,Buaran Plaza - Tersedia - Tidak Tersedia - Tersedia,42000,https://blog.ultravoucher.co.id/harga-tiket-bioskop/,harga tiket bioskop,html_table,2026-04-28 03:19:59
UltraVoucher,cinema_ticket,"Harga Tiket Bioskop XXI dan CGV Lengkap di Jakarta, Hari Biasa dan Weekend!",Jakarta,cinema,,Buaran Plaza - Tersedia - Tidak Tersedia - Tersedia,47000,https://blog.ultravoucher.co.id/harga-tiket-bioskop/,harga tiket bioskop,html_table,2026-04-28 03:19:59
UltraVoucher,cinema_ticket,"Harga Tiket Bioskop XXI dan CGV Lengkap di Jakarta, Hari Biasa dan Weekend!",Jakarta,cinema,,Buaran Plaza - Tersedia - Tidak Tersedia - Tersedia,43000,https://blog.ultravoucher.co.id/harga-tiket-bioskop/,harga tiket bioskop,html_table,2026-04-28 03:19:59
UltraVoucher,cinema_ticket,"Harga Tiket Bioskop XXI dan CGV Lengkap di Jakarta, Hari Biasa dan Weekend!",Jakarta,cinema,,Buaran Plaza - Tersedia - Tidak Tersedia - Tersedia,52000,https://blog.ultravoucher.co.id/harga-tiket-bioskop/,harga tiket bioskop,html_table,2026-04-28 03:19:59
UltraVoucher,cinema_ticket,"Harga Tiket Bioskop XXI dan CGV Lengkap di Jakarta, Hari Biasa dan Weekend!",Jakarta,cinema,,Poins Mall - Tersedia - Tidak Tersedia - Tidak Tersedia,40000,https://blog.ultravoucher.co.id/harga-tiket-bioskop/,harga tiket bioskop,html_table,2026-04-28 03:19:59
UltraVoucher,cinema_ticket,"Harga Tiket Bioskop XXI dan CGV Lengkap di Jakarta, Hari Biasa dan Weekend!",Jakarta,cinema,,Poins Mall - Tersedia - Tidak Tersedia - Tidak Tersedia,45000,https://blog.ultravoucher.co.id/harga-tiket-bioskop/,harga tiket bioskop,html_table,2026-04-28 03:19:59
UltraVoucher,cinema_ticket,"Harga Tiket Bioskop XXI dan CGV Lengkap di Jakarta, Hari Biasa dan Weekend!",Jakarta,cinema,,Poins Mall - Tersedia - Tidak Tersedia - Tidak Tersedia,50000,https://blog.ultravoucher.co.id/harga-tiket-bioskop/,harga tiket bioskop,html_table,2026-04-28 03:19:59
UltraVoucher,cinema_ticket,"Harga Tiket Bioskop XXI dan CGV Lengkap di Jakarta, Hari Biasa dan Weekend!",Jakarta,cinema,,Poins Mall - Tersedia - Tidak Tersedia - Tidak Tersedia,55000,https://blog.ultravoucher.co.id/harga-tiket-bioskop/,harga tiket bioskop,html_table,2026-04-28 03:19:59
UltraVoucher,cinema_ticket,"Harga Tiket Bioskop XXI dan CGV Lengkap di Jakarta, Hari Biasa dan Weekend!",Jakarta,cinema,,Poins Mall - Tersedia - Tidak Tersedia - Tidak Tersedia,65000,https://blog.ultravoucher.co.id/harga-tiket-bioskop/,harga tiket bioskop,html_table,2026-04-28 03:19:59
UltraVoucher,cinema_ticket,"Harga Tiket Bioskop XXI dan CGV Lengkap di Jakarta, Hari Biasa dan Weekend!",Jakarta,cinema,,Poins Mall - Tersedia - Tidak Tersedia - Tidak Tersedia,70000,https://blog.ultravoucher.co.id/harga-tiket-bioskop/,harga tiket bioskop,html_table,2026-04-28 03:19:59
UltraVoucher,cinema_ticket,"Harga Tiket Bioskop XXI dan CGV Lengkap di Jakarta, Hari Biasa dan Weekend!",Jakarta,cinema,Kisaran Harga XXI,: –,25000,https://blog.ultravoucher.co.id/harga-tiket-bioskop/,harga tiket bioskop,text_pattern,2026-04-28 03:19:59
UltraVoucher,cinema_ticket,"Harga Tiket Bioskop XXI dan CGV Lengkap di Jakarta, Hari Biasa dan Weekend!",Jakarta,cinema,Kisaran Harga XXI,: –,75000,https://blog.ultravoucher.co.id/harga-tiket-bioskop/,harga tiket bioskop,text_pattern,2026-04-28 03:19:59
UltraVoucher,cinema_ticket,"Harga Tiket Bioskop XXI dan CGV Lengkap di Jakarta, Hari Biasa dan Weekend!",Jakarta,cinema,Kisaran Harga XXI,: –,60000,https://blog.ultravoucher.co.id/harga-tiket-bioskop/,harga tiket bioskop,text_pattern,2026-04-28 03:19:59
UltraVoucher,cinema_ticket,"Harga Tiket Bioskop XXI dan CGV Lengkap di Jakarta, Hari Biasa dan Weekend!",Jakarta,cinema,Kisaran Harga XXI,: –,300000,https://blog.ultravoucher.co.id/harga-tiket-bioskop/,harga tiket bioskop,text_pattern,2026-04-28 03:19:59
UltraVoucher,cinema_ticket,"Harga Tiket Bioskop XXI dan CGV Lengkap di Jakarta, Hari Biasa dan Weekend!",Jakarta,cinema,Kisaran Harga XXI,: –,45000,https://blog.ultravoucher.co.id/harga-tiket-bioskop/,harga tiket bioskop,text_pattern,2026-04-28 03:19:59
UltraVoucher,cinema_ticket,"Harga Tiket Bioskop XXI dan CGV Lengkap di Jakarta, Hari Biasa dan Weekend!",Jakarta,cinema,Kisaran Harga XXI,: –,90000,https://blog.ultravoucher.co.id/harga-tiket-bioskop/,harga tiket bioskop,text_pattern,2026-04-28 03:19:59
UltraVoucher,cinema_ticket,"Harga Tiket Bioskop XXI dan CGV Lengkap di Jakarta, Hari Biasa dan Weekend!",Jakarta,cinema,Kisaran Harga CGV,: –,28000,https://blog.ultravoucher.co.id/harga-tiket-bioskop/,harga tiket bioskop,text_pattern,2026-04-28 03:19:59
UltraVoucher,cinema_ticket,"Harga Tiket Bioskop XXI dan CGV Lengkap di Jakarta, Hari Biasa dan Weekend!",Jakarta,cinema,Kisaran Harga CGV,: –,80000,https://blog.ultravoucher.co.id/harga-tiket-bioskop/,harga tiket bioskop,text_pattern,2026-04-28 03:19:59
UltraVoucher,cinema_ticket,"Harga Tiket Bioskop XXI dan CGV Lengkap di Jakarta, Hari Biasa dan Weekend!",Jakarta,cinema,Kisaran Harga CGV,: –,55000,https://blog.ultravoucher.co.id/harga-tiket-bioskop/,harga tiket bioskop,text_pattern,2026-04-28 03:19:59
UltraVoucher,cinema_ticket,"Harga Tiket Bioskop XXI dan CGV Lengkap di Jakarta, Hari Biasa dan Weekend!",Jakarta,cinema,Kisaran Harga CGV,: –,33000,https://blog.ultravoucher.co.id/harga-tiket-bioskop/,harga tiket bioskop,text_pattern,2026-04-28 03:19:59
UltraVoucher,cinema_ticket,"Harga Tiket Bioskop XXI dan CGV Lengkap di Jakarta, Hari Biasa dan Weekend!",Jakarta,cinema,Kisaran Harga CGV,: –,85000,https://blog.ultravoucher.co.id/harga-tiket-bioskop/,harga tiket bioskop,text_pattern,2026-04-28 03:19:59
UltraVoucher,cinema_ticket,"Harga Tiket Bioskop XXI dan CGV Lengkap di Jakarta, Hari Biasa dan Weekend!",Jakarta,cinema ticket,KALIBATA XXI,Jumat:,40000,https://blog.ultravoucher.co.id/harga-tiket-bioskop/,harga tiket bioskop,text_pattern,2026-04-28 03:19:59
UltraVoucher,cinema_ticket,"Harga Tiket Bioskop XXI dan CGV Lengkap di Jakarta, Hari Biasa dan Weekend!",Jakarta,cinema,KALIBATA XXI,Hari Biasa:,35000,https://blog.ultravoucher.co.id/harga-tiket-bioskop/,harga tiket bioskop,text_pattern,2026-04-28 03:19:59
UltraVoucher,cinema_ticket,"Harga Tiket Bioskop XXI dan CGV Lengkap di Jakarta, Hari Biasa dan Weekend!",Jakarta,cinema,KALIBATA XXI,Akhir Pekan:,50000,https://blog.ultravoucher.co.id/harga-tiket-bioskop/,harga tiket bioskop,text_pattern,2026-04-28 03:19:59
UltraVoucher,cinema_ticket,"Harga Tiket Bioskop XXI dan CGV Lengkap di Jakarta, Hari Biasa dan Weekend!",Jakarta,cinema ticket,KOTA KASABLANKA XXI,Jumat:,60000,https://blog.ultravoucher.co.id/harga-tiket-bioskop/,harga tiket bioskop,text_pattern,2026-04-28 03:19:59
UltraVoucher,cinema_ticket,"Harga Tiket Bioskop XXI dan CGV Lengkap di Jakarta, Hari Biasa dan Weekend!",Jakarta,cinema,KOTA KASABLANKA XXI,Hari Biasa:,50000,https://blog.ultravoucher.co.id/harga-tiket-bioskop/,harga tiket bioskop,text_pattern,2026-04-28 03:19:59
UltraVoucher,cinema_ticket,"Harga Tiket Bioskop XXI dan CGV Lengkap di Jakarta, Hari Biasa dan Weekend!",Jakarta,cinema,KOTA KASABLANKA XXI,Akhir Pekan:,75000,https://blog.ultravoucher.co.id/harga-tiket-bioskop/,harga tiket bioskop,text_pattern,2026-04-28 03:19:59
UltraVoucher,cinema_ticket,"Harga Tiket Bioskop XXI dan CGV Lengkap di Jakarta, Hari Biasa dan Weekend!",Jakarta,cinema ticket,KOTA KASABLANKA XXI,Jumat:,200000,https://blog.ultravoucher.co.id/harga-tiket-bioskop/,harga tiket bioskop,text_pattern,2026-04-28 03:19:59
UltraVoucher,cinema_ticket,"Harga Tiket Bioskop XXI dan CGV Lengkap di Jakarta, Hari Biasa dan Weekend!",Jakarta,cinema,KOTA KASABLANKA XXI,Hari Biasa:,150000,https://blog.ultravoucher.co.id/harga-tiket-bioskop/,harga tiket bioskop,text_pattern,2026-04-28 03:19:59
UltraVoucher,cinema_ticket,"Harga Tiket Bioskop XXI dan CGV Lengkap di Jakarta, Hari Biasa dan Weekend!",Jakarta,cinema,KOTA KASABLANKA XXI,Akhir Pekan:,250000,https://blog.ultravoucher.co.id/harga-tiket-bioskop/,harga tiket bioskop,text_pattern,2026-04-28 03:19:59
UltraVoucher,cinema_ticket,"Harga Tiket Bioskop XXI dan CGV Lengkap di Jakarta, Hari Biasa dan Weekend!",Jakarta,cinema,KUNINGAN CITY XXI,Akhir Pekan:,45000,https://blog.ultravoucher.co.id/harga-tiket-bioskop/,harga tiket bioskop,text_pattern,2026-04-28 03:19:59
UltraVoucher,cinema_ticket,"Harga Tiket Bioskop XXI dan CGV Lengkap di Jakarta, Hari Biasa dan Weekend!",Jakarta,cinema ticket,LOTTE SHOPPING AVENUE XXI,Jumat:,50000,https://blog.ultravoucher.co.id/harga-tiket-bioskop/,harga tiket bioskop,text_pattern,2026-04-28 03:19:59
UltraVoucher,cinema_ticket,"Harga Tiket Bioskop XXI dan CGV Lengkap di Jakarta, Hari Biasa dan Weekend!",Jakarta,cinema,LOTTE SHOPPING AVENUE XXI,Hari Biasa:,40000,https://blog.ultravoucher.co.id/harga-tiket-bioskop/,harga tiket bioskop,text_pattern,2026-04-28 03:19:59
UltraVoucher,cinema_ticket,"Harga Tiket Bioskop XXI dan CGV Lengkap di Jakarta, Hari Biasa dan Weekend!",Jakarta,cinema,LOTTE SHOPPING AVENUE XXI,Akhir Pekan:,60000,https://blog.ultravoucher.co.id/harga-tiket-bioskop/,harga tiket bioskop,text_pattern,2026-04-28 03:19:59
UltraVoucher,cinema_ticket,"Harga Tiket Bioskop XXI dan CGV Lengkap di Jakarta, Hari Biasa dan Weekend!",Jakarta,cinema ticket,LOTTE SHOPPING AVENUE XXI,Jumat:,150000,https://blog.ultravoucher.co.id/harga-tiket-bioskop/,harga tiket bioskop,text_pattern,2026-04-28 03:19:59
UltraVoucher,cinema_ticket,"Harga Tiket Bioskop XXI dan CGV Lengkap di Jakarta, Hari Biasa dan Weekend!",Jakarta,cinema,LOTTE SHOPPING AVENUE XXI,Hari Biasa:,100000,https://blog.ultravoucher.co.id/harga-tiket-bioskop/,harga tiket bioskop,text_pattern,2026-04-28 03:19:59
UltraVoucher,cinema_ticket,"Harga Tiket Bioskop XXI dan CGV Lengkap di Jakarta, Hari Biasa dan Weekend!",Jakarta,cinema,LOTTE SHOPPING AVENUE XXI,Akhir Pekan:,200000,https://blog.ultravoucher.co.id/harga-tiket-bioskop/,harga tiket bioskop,text_pattern,2026-04-28 03:19:59
UltraVoucher,cinema_ticket,"Harga Tiket Bioskop XXI dan CGV Lengkap di Jakarta, Hari Biasa dan Weekend!",Jakarta,cinema ticket,HOLLYWOOD XXI,Jumat:,30000,https://blog.ultravoucher.co.id/harga-tiket-bioskop/,harga tiket bioskop,text_pattern,2026-04-28 03:19:59
UltraVoucher,cinema_ticket,"Harga Tiket Bioskop XXI dan CGV Lengkap di Jakarta, Hari Biasa dan Weekend!",Jakarta,cinema,HOLLYWOOD XXI,Hari Biasa:,25000,https://blog.ultravoucher.co.id/harga-tiket-bioskop/,harga tiket bioskop,text_pattern,2026-04-28 03:19:59
UltraVoucher,cinema_ticket,"Harga Tiket Bioskop XXI dan CGV Lengkap di Jakarta, Hari Biasa dan Weekend!",Jakarta,cinema,HOLLYWOOD XXI,Akhir Pekan:,35000,https://blog.ultravoucher.co.id/harga-tiket-bioskop/,harga tiket bioskop,text_pattern,2026-04-28 03:19:59
UltraVoucher,cinema_ticket,"Harga Tiket Bioskop XXI dan CGV Lengkap di Jakarta, Hari Biasa dan Weekend!",Jakarta,cinema ticket,EPICENTRUM XXI,Jumat:,35000,https://blog.ultravoucher.co.id/harga-tiket-bioskop/,harga tiket bioskop,text_pattern,2026-04-28 03:19:59
UltraVoucher,cinema_ticket,"Harga Tiket Bioskop XXI dan CGV Lengkap di Jakarta, Hari Biasa dan Weekend!",Jakarta,cinema,EPICENTRUM XXI,Hari Biasa:,30000,https://blog.ultravoucher.co.id/harga-tiket-bioskop/,harga tiket bioskop,text_pattern,2026-04-28 03:19:59
UltraVoucher,cinema_ticket,"Harga Tiket Bioskop XXI dan CGV Lengkap di Jakarta, Hari Biasa dan Weekend!",Jakarta,cinema,EPICENTRUM XXI,Akhir Pekan:,40000,https://blog.ultravoucher.co.id/harga-tiket-bioskop/,harga tiket bioskop,text_pattern,2026-04-28 03:19:59
UltraVoucher,cinema_ticket,"Harga Tiket Bioskop XXI dan CGV Lengkap di Jakarta, Hari Biasa dan Weekend!",Jakarta,cinema ticket,CITY PLAZA JATINEGARA XXI,Jumat:,45000,https://blog.ultravoucher.co.id/harga-tiket-bioskop/,harga tiket bioskop,text_pattern,2026-04-28 03:19:59
UltraVoucher,cinema_ticket,"Harga Tiket Bioskop XXI dan CGV Lengkap di Jakarta, Hari Biasa dan Weekend!",Jakarta,cinema,BLOK M XXI,Hari Biasa:,45000,https://blog.ultravoucher.co.id/harga-tiket-bioskop/,harga tiket bioskop,text_pattern,2026-04-28 03:19:59
UltraVoucher,cinema_ticket,"Harga Tiket Bioskop XXI dan CGV Lengkap di Jakarta, Hari Biasa dan Weekend!",Jakarta,cinema,PLAZA SENAYAN XXI,Akhir Pekan:,300000,https://blog.ultravoucher.co.id/harga-tiket-bioskop/,harga tiket bioskop,text_pattern,2026-04-28 03:19:59
UltraVoucher,cinema_ticket,"Harga Tiket Bioskop XXI dan CGV Lengkap di Jakarta, Hari Biasa dan Weekend!",Jakarta,cinema,METROPOLE XXI,Akhir Pekan:,55000,https://blog.ultravoucher.co.id/harga-tiket-bioskop/,harga tiket bioskop,text_pattern,2026-04-28 03:19:59
UltraVoucher,cinema_ticket,"Harga Tiket Bioskop XXI dan CGV Lengkap di Jakarta, Hari Biasa dan Weekend!",Jakarta,cinema,SENAYAN CITY XXI,Akhir Pekan:,65000,https://blog.ultravoucher.co.id/harga-tiket-bioskop/,harga tiket bioskop,text_pattern,2026-04-28 03:19:59
UltraVoucher,cinema_ticket,"Harga Tiket Bioskop XXI dan CGV Lengkap di Jakarta, Hari Biasa dan Weekend!",Jakarta,cinema ticket,AGORA MALL XXI,Jumat:,125000,https://blog.ultravoucher.co.id/harga-tiket-bioskop/,harga tiket bioskop,text_pattern,2026-04-28 03:19:59
UltraVoucher,cinema_ticket,"Harga Tiket Bioskop XXI dan CGV Lengkap di Jakarta, Hari Biasa dan Weekend!",Jakarta,cinema,AGORA MALL XXI,Akhir Pekan:,150000,https://blog.ultravoucher.co.id/harga-tiket-bioskop/,harga tiket bioskop,text_pattern,2026-04-28 03:19:59
UltraVoucher,cinema_ticket,"Harga Tiket Bioskop XXI dan CGV Lengkap di Jakarta, Hari Biasa dan Weekend!",Jakarta,cinema ticket,AGORA MALL XXI,Jumat:,55000,https://blog.ultravoucher.co.id/harga-tiket-bioskop/,harga tiket bioskop,text_pattern,2026-04-28 03:19:59
UltraVoucher,cinema_ticket,"Harga Tiket Bioskop XXI dan CGV Lengkap di Jakarta, Hari Biasa dan Weekend!",Jakarta,cinema ticket,GANDARIA CITY XXI,Jumat:,70000,https://blog.ultravoucher.co.id/harga-tiket-bioskop/,harga tiket bioskop,text_pattern,2026-04-28 03:19:59
UltraVoucher,cinema_ticket,"Harga Tiket Bioskop XXI dan CGV Lengkap di Jakarta, Hari Biasa dan Weekend!",Jakarta,cinema,GANDARIA CITY XXI,Hari Biasa:,55000,https://blog.ultravoucher.co.id/harga-tiket-bioskop/,harga tiket bioskop,text_pattern,2026-04-28 03:19:59
UltraVoucher,cinema_ticket,"Harga Tiket Bioskop XXI dan CGV Lengkap di Jakarta, Hari Biasa dan Weekend!",Jakarta,cinema,GANDARIA CITY XXI,Akhir Pekan:,90000,https://blog.ultravoucher.co.id/harga-tiket-bioskop/,harga tiket bioskop,text_pattern,2026-04-28 03:19:59
UltraVoucher,cinema_ticket,"Harga Tiket Bioskop XXI dan CGV Lengkap di Jakarta, Hari Biasa dan Weekend!",Jakarta,cinema ticket,ONE BELPARK XXI,Jumat:,80000,https://blog.ultravoucher.co.id/harga-tiket-bioskop/,harga tiket bioskop,text_pattern,2026-04-28 03:19:59
UltraVoucher,cinema_ticket,"Harga Tiket Bioskop XXI dan CGV Lengkap di Jakarta, Hari Biasa dan Weekend!",Jakarta,cinema,ONE BELPARK XXI,Hari Biasa:,60000,https://blog.ultravoucher.co.id/harga-tiket-bioskop/,harga tiket bioskop,text_pattern,2026-04-28 03:19:59
UltraVoucher,cinema_ticket,"Harga Tiket Bioskop XXI dan CGV Lengkap di Jakarta, Hari Biasa dan Weekend!",Jakarta,cinema,ONE BELPARK XXI,Akhir Pekan:,100000,https://blog.ultravoucher.co.id/harga-tiket-bioskop/,harga tiket bioskop,text_pattern,2026-04-28 03:19:59
UltraVoucher,cinema_ticket,"Harga Tiket Bioskop XXI dan CGV Lengkap di Jakarta, Hari Biasa dan Weekend!",Jakarta,cinema ticket,CGV Cinemas,Jumat:,65000,https://blog.ultravoucher.co.id/harga-tiket-bioskop/,harga tiket bioskop,text_pattern,2026-04-28 03:19:59
UltraVoucher,cinema_ticket,"Harga Tiket Bioskop XXI dan CGV Lengkap di Jakarta, Hari Biasa dan Weekend!",Jakarta,cinema ticket,CGV Cinemas,Weekend/Holiday:,75000,https://blog.ultravoucher.co.id/harga-tiket-bioskop/,harga tiket bioskop,text_pattern,2026-04-28 03:19:59
UltraVoucher,cinema_ticket,"Harga Tiket Bioskop XXI dan CGV Lengkap di Jakarta, Hari Biasa dan Weekend!",Jakarta,cinema,CGV Cinemas,Hari Biasa:,65000,https://blog.ultravoucher.co.id/harga-tiket-bioskop/,harga tiket bioskop,text_pattern,2026-04-28 03:19:59
UltraVoucher,cinema_ticket,"Harga Tiket Bioskop XXI dan CGV Lengkap di Jakarta, Hari Biasa dan Weekend!",Jakarta,cinema ticket,CGV Cinemas,Jumat:,75000,https://blog.ultravoucher.co.id/harga-tiket-bioskop/,harga tiket bioskop,text_pattern,2026-04-28 03:19:59
UltraVoucher,cinema_ticket,"Harga Tiket Bioskop XXI dan CGV Lengkap di Jakarta, Hari Biasa dan Weekend!",Jakarta,cinema ticket,CGV Cinemas,Weekend/Holiday:,85000,https://blog.ultravoucher.co.id/harga-tiket-bioskop/,harga tiket bioskop,text_pattern,2026-04-28 03:19:59
UltraVoucher,cinema_ticket,"Harga Tiket Bioskop XXI dan CGV Lengkap di Jakarta, Hari Biasa dan Weekend!",Jakarta,cinema ticket,CGV Cinemas,Weekend/Holiday:,80000,https://blog.ultravoucher.co.id/harga-tiket-bioskop/,harga tiket bioskop,text_pattern,2026-04-28 03:19:59
UltraVoucher,cinema_ticket,"Harga Tiket Bioskop XXI dan CGV Lengkap di Jakarta, Hari Biasa dan Weekend!",Jakarta,cinema ticket,CGV Cinemas,Weekend/Holiday:,70000,https://blog.ultravoucher.co.id/harga-tiket-bioskop/,harga tiket bioskop,text_pattern,2026-04-28 03:19:59
UltraVoucher,cinema_ticket,"Harga Tiket Bioskop XXI dan CGV Lengkap di Jakarta, Hari Biasa dan Weekend!",Jakarta,cinema,CGV Cinemas,Hari Biasa:,70000,https://blog.ultravoucher.co.id/harga-tiket-bioskop/,harga tiket bioskop,text_pattern,2026-04-28 03:19:59
UltraVoucher,cinema_ticket,"Harga Tiket Bioskop XXI dan CGV Lengkap di Jakarta, Hari Biasa dan Weekend!",Jakarta,cinema ticket,CGV Cinemas,Weekend/Holiday:,90000,https://blog.ultravoucher.co.id/harga-tiket-bioskop/,harga tiket bioskop,text_pattern,2026-04-28 03:19:59
UltraVoucher,cinema_ticket,"Harga Tiket Bioskop XXI dan CGV Lengkap di Jakarta, Hari Biasa dan Weekend!",Jakarta,cinema ticket,CGV Cinemas,Weekend/Holiday:,50000,https://blog.ultravoucher.co.id/harga-tiket-bioskop/,harga tiket bioskop,text_pattern,2026-04-28 03:19:59
UltraVoucher,cinema_ticket,"Harga Tiket Bioskop XXI dan CGV Lengkap di Jakarta, Hari Biasa dan Weekend!",Jakarta,cinema ticket,CGV Cinemas,Weekend/Holiday:,55000,https://blog.ultravoucher.co.id/harga-tiket-bioskop/,harga tiket bioskop,text_pattern,2026-04-28 03:19:59
UltraVoucher,cinema_ticket,"Harga Tiket Bioskop XXI dan CGV Lengkap di Jakarta, Hari Biasa dan Weekend!",Jakarta,cinema,CGV Cinemas,Hari Biasa:,42000,https://blog.ultravoucher.co.id/harga-tiket-bioskop/,harga tiket bioskop,text_pattern,2026-04-28 03:19:59
UltraVoucher,cinema_ticket,"Harga Tiket Bioskop XXI dan CGV Lengkap di Jakarta, Hari Biasa dan Weekend!",Jakarta,cinema ticket,CGV Cinemas,Jumat:,46000,https://blog.ultravoucher.co.id/harga-tiket-bioskop/,harga tiket bioskop,text_pattern,2026-04-28 03:19:59
UltraVoucher,cinema_ticket,"Harga Tiket Bioskop XXI dan CGV Lengkap di Jakarta, Hari Biasa dan Weekend!",Jakarta,cinema,CGV Cinemas,Hari Biasa:,47000,https://blog.ultravoucher.co.id/harga-tiket-bioskop/,harga tiket bioskop,text_pattern,2026-04-28 03:19:59
UltraVoucher,cinema_ticket,"Harga Tiket Bioskop XXI dan CGV Lengkap di Jakarta, Hari Biasa dan Weekend!",Jakarta,cinema ticket,CGV Cinemas,Jumat:,51000,https://blog.ultravoucher.co.id/harga-tiket-bioskop/,harga tiket bioskop,text_pattern,2026-04-28 03:19:59
UltraVoucher,cinema_ticket,"Harga Tiket Bioskop XXI dan CGV Lengkap di Jakarta, Hari Biasa dan Weekend!",Jakarta,cinema,CGV Cinemas,Hari Biasa:,28000,https://blog.ultravoucher.co.id/harga-tiket-bioskop/,harga tiket bioskop,text_pattern,2026-04-28 03:19:59
UltraVoucher,cinema_ticket,"Harga Tiket Bioskop XXI dan CGV Lengkap di Jakarta, Hari Biasa dan Weekend!",Jakarta,cinema ticket,CGV Cinemas,Jumat:,33000,https://blog.ultravoucher.co.id/harga-tiket-bioskop/,harga tiket bioskop,text_pattern,2026-04-28 03:19:59
UltraVoucher,cinema_ticket,"Harga Tiket Bioskop XXI dan CGV Lengkap di Jakarta, Hari Biasa dan Weekend!",Jakarta,cinema ticket,CGV Cinemas,Weekend/Holiday:,37000,https://blog.ultravoucher.co.id/harga-tiket-bioskop/,harga tiket bioskop,text_pattern,2026-04-28 03:19:59
UltraVoucher,cinema_ticket,"Harga Tiket Bioskop XXI dan CGV Lengkap di Jakarta, Hari Biasa dan Weekend!",Jakarta,cinema,CGV Cinemas,Hari Biasa:,33000,https://blog.ultravoucher.co.id/harga-tiket-bioskop/,harga tiket bioskop,text_pattern,2026-04-28 03:19:59
UltraVoucher,cinema_ticket,"Harga Tiket Bioskop XXI dan CGV Lengkap di Jakarta, Hari Biasa dan Weekend!",Jakarta,cinema ticket,CGV Cinemas,Jumat:,38000,https://blog.ultravoucher.co.id/harga-tiket-bioskop/,harga tiket bioskop,text_pattern,2026-04-28 03:19:59
UltraVoucher,cinema_ticket,"Harga Tiket Bioskop XXI dan CGV Lengkap di Jakarta, Hari Biasa dan Weekend!",Jakarta,cinema ticket,CGV Cinemas,Weekend/Holiday:,42000,https://blog.ultravoucher.co.id/harga-tiket-bioskop/,harga tiket bioskop,text_pattern,2026-04-28 03:19:59
UltraVoucher,cinema_ticket,"Harga Tiket Bioskop XXI dan CGV Lengkap di Jakarta, Hari Biasa dan Weekend!",Jakarta,cinema,CGV Cinemas,Hari Biasa:,34000,https://blog.ultravoucher.co.id/harga-tiket-bioskop/,harga tiket bioskop,text_pattern,2026-04-28 03:19:59
UltraVoucher,cinema_ticket,"Harga Tiket Bioskop XXI dan CGV Lengkap di Jakarta, Hari Biasa dan Weekend!",Jakarta,cinema ticket,CGV Cinemas,Jumat:,39000,https://blog.ultravoucher.co.id/harga-tiket-bioskop/,harga tiket bioskop,text_pattern,2026-04-28 03:19:59
UltraVoucher,cinema_ticket,"Harga Tiket Bioskop XXI dan CGV Lengkap di Jakarta, Hari Biasa dan Weekend!",Jakarta,cinema ticket,CGV Cinemas,Weekend/Holiday:,44000,https://blog.ultravoucher.co.id/harga-tiket-bioskop/,harga tiket bioskop,text_pattern,2026-04-28 03:19:59
UltraVoucher,cinema_ticket,"Harga Tiket Bioskop XXI dan CGV Lengkap di Jakarta, Hari Biasa dan Weekend!",Jakarta,cinema,CGV Cinemas,Hari Biasa:,39000,https://blog.ultravoucher.co.id/harga-tiket-bioskop/,harga tiket bioskop,text_pattern,2026-04-28 03:19:59
UltraVoucher,cinema_ticket,"Harga Tiket Bioskop XXI dan CGV Lengkap di Jakarta, Hari Biasa dan Weekend!",Jakarta,cinema ticket,CGV Cinemas,Jumat:,44000,https://blog.ultravoucher.co.id/harga-tiket-bioskop/,harga tiket bioskop,text_pattern,2026-04-28 03:19:59
UltraVoucher,cinema_ticket,"Harga Tiket Bioskop XXI dan CGV Lengkap di Jakarta, Hari Biasa dan Weekend!",Jakarta,cinema ticket,CGV Cinemas,Weekend/Holiday:,49000,https://blog.ultravoucher.co.id/harga-tiket-bioskop/,harga tiket bioskop,text_pattern,2026-04-28 03:19:59
UltraVoucher,cinema_ticket,"Harga Tiket Bioskop XXI dan CGV Lengkap di Jakarta, Hari Biasa dan Weekend!",Jakarta,cinema ticket,CGV Cinemas,Weekend/Holiday:,60000,https://blog.ultravoucher.co.id/harga-tiket-bioskop/,harga tiket bioskop,text_pattern,2026-04-28 03:19:59
UltraVoucher,cinema_ticket,"Harga Tiket Bioskop XXI dan CGV Lengkap di Jakarta, Hari Biasa dan Weekend!",Jakarta,cinema,CGV Cinemas,Hari Biasa:,38000,https://blog.ultravoucher.co.id/harga-tiket-bioskop/,harga tiket bioskop,text_pattern,2026-04-28 03:19:59
UltraVoucher,cinema_ticket,"Harga Tiket Bioskop XXI dan CGV Lengkap di Jakarta, Hari Biasa dan Weekend!",Jakarta,cinema ticket,CGV Cinemas,Jumat:,42000,https://blog.ultravoucher.co.id/harga-tiket-bioskop/,harga tiket bioskop,text_pattern,2026-04-28 03:19:59
UltraVoucher,cinema_ticket,"Harga Tiket Bioskop XXI dan CGV Lengkap di Jakarta, Hari Biasa dan Weekend!",Jakarta,cinema ticket,CGV Cinemas,Weekend/Holiday:,47000,https://blog.ultravoucher.co.id/harga-tiket-bioskop/,harga tiket bioskop,text_pattern,2026-04-28 03:19:59
UltraVoucher,cinema_ticket,"Harga Tiket Bioskop XXI dan CGV Lengkap di Jakarta, Hari Biasa dan Weekend!",Jakarta,cinema,CGV Cinemas,Hari Biasa:,43000,https://blog.ultravoucher.co.id/harga-tiket-bioskop/,harga tiket bioskop,text_pattern,2026-04-28 03:19:59
UltraVoucher,cinema_ticket,"Harga Tiket Bioskop XXI dan CGV Lengkap di Jakarta, Hari Biasa dan Weekend!",Jakarta,cinema ticket,CGV Cinemas,Jumat:,47000,https://blog.ultravoucher.co.id/harga-tiket-bioskop/,harga tiket bioskop,text_pattern,2026-04-28 03:19:59
UltraVoucher,cinema_ticket,"Harga Tiket Bioskop XXI dan CGV Lengkap di Jakarta, Hari Biasa dan Weekend!",Jakarta,cinema ticket,CGV Cinemas,Weekend/Holiday:,52000,https://blog.ultravoucher.co.id/harga-tiket-bioskop/,harga tiket bioskop,text_pattern,2026-04-28 03:19:59
NonaBelanja,cinema_concession,Daftar Menu CGV 2026 dan Harganya Terbaru,Unknown,movie snack,Popcorn,Medium Popcorn:,56000,https://nonabelanja.com/menu-cgv/,menu cgv,text_pattern,2026-04-28 03:20:01
NonaBelanja,cinema_concession,Daftar Menu CGV 2026 dan Harganya Terbaru,Unknown,movie snack,Popcorn,Large Popcorn:,78000,https://nonabelanja.com/menu-cgv/,menu cgv,text_pattern,2026-04-28 03:20:01
NonaBelanja,cinema_concession,Daftar Menu CGV 2026 dan Harganya Terbaru,Unknown,movie snack,Popcorn,Large Salty Popcorn:,68000,https://nonabelanja.com/menu-cgv/,menu cgv,text_pattern,2026-04-28 03:20:01
NonaBelanja,cinema_concession,Daftar Menu CGV 2026 dan Harganya Terbaru,Unknown,movie snack,Snacks,French Fries:,50000,https://nonabelanja.com/menu-cgv/,menu cgv,text_pattern,2026-04-28 03:20:01
NonaBelanja,cinema_concession,Daftar Menu CGV 2026 dan Harganya Terbaru,Unknown,movie snack,Snacks,Fried Siomay:,50000,https://nonabelanja.com/menu-cgv/,menu cgv,text_pattern,2026-04-28 03:20:01
NonaBelanja,cinema_concession,Daftar Menu CGV 2026 dan Harganya Terbaru,Unknown,movie snack,Snacks,Hotdog Chicken:,50000,https://nonabelanja.com/menu-cgv/,menu cgv,text_pattern,2026-04-28 03:20:01
NonaBelanja,cinema_concession,Daftar Menu CGV 2026 dan Harganya Terbaru,Unknown,movie snack,Snacks,Hotdog Beef:,50000,https://nonabelanja.com/menu-cgv/,menu cgv,text_pattern,2026-04-28 03:20:01
NonaBelanja,cinema_concession,Daftar Menu CGV 2026 dan Harganya Terbaru,Unknown,movie snack,Snacks,Sausage & Fries:,53000,https://nonabelanja.com/menu-cgv/,menu cgv,text_pattern,2026-04-28 03:20:01
NonaBelanja,cinema_concession,Daftar Menu CGV 2026 dan Harganya Terbaru,Unknown,movie drink,Snacks,Fish Ball Satay:,50000,https://nonabelanja.com/menu-cgv/,menu cgv,text_pattern,2026-04-28 03:20:01
NonaBelanja,cinema_concession,Daftar Menu CGV 2026 dan Harganya Terbaru,Unknown,movie snack,Snacks,CGV Sampler:,58000,https://nonabelanja.com/menu-cgv/,menu cgv,text_pattern,2026-04-28 03:20:01
NonaBelanja,cinema_concession,Daftar Menu CGV 2026 dan Harganya Terbaru,Unknown,movie drink,Snacks,Soft Drink:,36000,https://nonabelanja.com/menu-cgv/,menu cgv,text_pattern,2026-04-28 03:20:01
NonaBelanja,cinema_concession,Daftar Menu CGV 2026 dan Harganya Terbaru,Unknown,movie drink,Snacks,Ice Lemon Tea:,38000,https://nonabelanja.com/menu-cgv/,menu cgv,text_pattern,2026-04-28 03:20:01
NonaBelanja,cinema_concession,Daftar Menu CGV 2026 dan Harganya Terbaru,Unknown,movie drink,Snacks,Ice Milo:,38000,https://nonabelanja.com/menu-cgv/,menu cgv,text_pattern,2026-04-28 03:20:01
